ticker,name,market,source,sector
196170.KQ,알테오젠,KOSDAQ,naver_kosdaq,
247540.KQ,에코프로비엠,KOSDAQ,naver_kosdaq,
086520.KQ,에코프로,KOSDAQ,naver_kosdaq,
277810.KQ,레인보우로보틱스,KOSDAQ,naver_kosdaq,
036930.KQ,주성엔지니어링,KOSDAQ,naver_kosdaq,
240810.KQ,원익IPS,KOSDAQ,naver_kosdaq,
950160.KQ,코오롱티슈진,KOSDAQ,naver_kosdaq,
058470.KQ,리노공업,KOSDAQ,naver_kosdaq,
039030.KQ,이오테크닉스,KOSDAQ,naver_kosdaq,
028300.KQ,HLB,KOSDAQ,naver_kosdaq,
000250.KQ,삼천당제약,KOSDAQ,naver_kosdaq,
403870.KQ,HPSP,KOSDAQ,naver_kosdaq,
087010.KQ,펩트론,KOSDAQ,naver_kosdaq,
298380.KQ,에이비엘바이오,KOSDAQ,naver_kosdaq,
440110.KQ,파두,KOSDAQ,naver_kosdaq,
319660.KQ,피에스케이,KOSDAQ,naver_kosdaq,
095340.KQ,ISC,KOSDAQ,naver_kosdaq,
222800.KQ,심텍,KOSDAQ,naver_kosdaq,
108490.KQ,로보티즈,KOSDAQ,naver_kosdaq,
141080.KQ,리가켐바이오,KOSDAQ,naver_kosdaq,
178320.KQ,서진시스템,KOSDAQ,naver_kosdaq,
084370.KQ,유진테크,KOSDAQ,naver_kosdaq,
319400.KQ,현대무벡스,KOSDAQ,naver_kosdaq,
214370.KQ,케어젠,KOSDAQ,naver_kosdaq,
347850.KQ,디앤디파마텍,KOSDAQ,naver_kosdaq,
310210.KQ,보로노이,KOSDAQ,naver_kosdaq,
080220.KQ,제주반도체,KOSDAQ,naver_kosdaq,
095610.KQ,테스,KOSDAQ,naver_kosdaq,
357780.KQ,솔브레인,KOSDAQ,naver_kosdaq,
131970.KQ,두산테스나,KOSDAQ,naver_kosdaq,
043260.KQ,성호전자,KOSDAQ,naver_kosdaq,
031980.KQ,피에스케이홀딩스,KOSDAQ,naver_kosdaq,
067310.KQ,하나마이크론,KOSDAQ,naver_kosdaq,
064760.KQ,티씨케이,KOSDAQ,naver_kosdaq,
032820.KQ,우리기술,KOSDAQ,naver_kosdaq,
145020.KQ,휴젤,KOSDAQ,naver_kosdaq,
005290.KQ,동진쎄미켐,KOSDAQ,naver_kosdaq,
214450.KQ,파마리서치,KOSDAQ,naver_kosdaq,
131290.KQ,티에스이,KOSDAQ,naver_kosdaq,
010170.KQ,대한광통신,KOSDAQ,naver_kosdaq,
214150.KQ,클래시스,KOSDAQ,naver_kosdaq,
098460.KQ,고영,KOSDAQ,naver_kosdaq,
263750.KQ,펄어비스,KOSDAQ,naver_kosdaq,
237690.KQ,에스티팜,KOSDAQ,naver_kosdaq,
083650.KQ,비에이치아이,KOSDAQ,naver_kosdaq,
089030.KQ,테크윙,KOSDAQ,naver_kosdaq,
089970.KQ,브이엠,KOSDAQ,naver_kosdaq,
030530.KQ,원익홀딩스,KOSDAQ,naver_kosdaq,
140860.KQ,파크시스템스,KOSDAQ,naver_kosdaq,
226950.KQ,올릭스,KOSDAQ,naver_kosdaq,
257720.KQ,실리콘투,KOSDAQ,naver_kosdaq,
082920.KQ,비츠로셀,KOSDAQ,naver_kosdaq,
058610.KQ,에스피지,KOSDAQ,naver_kosdaq,
290650.KQ,엘앤씨바이오,KOSDAQ,naver_kosdaq,
007390.KQ,네이처셀,KOSDAQ,naver_kosdaq,
100790.KQ,미래에셋벤처투자,KOSDAQ,naver_kosdaq,
218410.KQ,RFHIC,KOSDAQ,naver_kosdaq,
035900.KQ,JYP Ent.,KOSDAQ,naver_kosdaq,
140410.KQ,메지온,KOSDAQ,naver_kosdaq,
041510.KQ,에스엠,KOSDAQ,naver_kosdaq,
068760.KQ,셀트리온제약,KOSDAQ,naver_kosdaq,
347700.KQ,스피어,KOSDAQ,naver_kosdaq,
078600.KQ,대주전자재료,KOSDAQ,naver_kosdaq,
420770.KQ,기가비스,KOSDAQ,naver_kosdaq,
437730.KQ,삼현,KOSDAQ,naver_kosdaq,
323280.KQ,태성,KOSDAQ,naver_kosdaq,
060370.KQ,LS마린솔루션,KOSDAQ,naver_kosdaq,
031330.KQ,에스에이엠티,KOSDAQ,naver_kosdaq,
039200.KQ,오스코텍,KOSDAQ,naver_kosdaq,
096530.KQ,씨젠,KOSDAQ,naver_kosdaq,
475830.KQ,오름테라퓨틱,KOSDAQ,naver_kosdaq,
166090.KQ,하나머티리얼즈,KOSDAQ,naver_kosdaq,
090710.KQ,휴림로봇,KOSDAQ,naver_kosdaq,
101490.KQ,에스앤에스텍,KOSDAQ,naver_kosdaq,
232140.KQ,와이씨,KOSDAQ,naver_kosdaq,
183300.KQ,코미코,KOSDAQ,naver_kosdaq,
099320.KQ,쎄트렉아이,KOSDAQ,naver_kosdaq,
476830.KQ,알지노믹스,KOSDAQ,naver_kosdaq,
038500.KQ,삼표시멘트,KOSDAQ,naver_kosdaq,
295310.KQ,에이치브이엠,KOSDAQ,naver_kosdaq,
083450.KQ,GST,KOSDAQ,naver_kosdaq,
036540.KQ,SFA반도체,KOSDAQ,naver_kosdaq,
445680.KQ,큐리옥스바이오시스템즈,KOSDAQ,naver_kosdaq,
195940.KQ,HK이노엔,KOSDAQ,naver_kosdaq,
032500.KQ,케이엠더블유,KOSDAQ,naver_kosdaq,
003380.KQ,하림지주,KOSDAQ,naver_kosdaq,
388210.KQ,씨엠티엑스,KOSDAQ,naver_kosdaq,
127120.KQ,제이에스링크,KOSDAQ,naver_kosdaq,
065350.KQ,신성델타테크,KOSDAQ,naver_kosdaq,
189300.KQ,인텔리안테크,KOSDAQ,naver_kosdaq,
417200.KQ,LS머트리얼즈,KOSDAQ,naver_kosdaq,
458870.KQ,씨어스,KOSDAQ,naver_kosdaq,
074600.KQ,원익QnC,KOSDAQ,naver_kosdaq,
085660.KQ,차바이오텍,KOSDAQ,naver_kosdaq,
090360.KQ,로보스타,KOSDAQ,naver_kosdaq,
328130.KQ,루닛,KOSDAQ,naver_kosdaq,
281740.KQ,레이크머티리얼즈,KOSDAQ,naver_kosdaq,
491000.KQ,리브스메드,KOSDAQ,naver_kosdaq,
124500.KQ,아이티센글로벌,KOSDAQ,naver_kosdaq,
027360.KQ,아주IB투자,KOSDAQ,naver_kosdaq,
036830.KQ,솔브레인홀딩스,KOSDAQ,naver_kosdaq,
161580.KQ,필옵틱스,KOSDAQ,naver_kosdaq,
137400.KQ,피엔티,KOSDAQ,naver_kosdaq,
356860.KQ,티엘비,KOSDAQ,naver_kosdaq,
388720.KQ,유일로보틱스,KOSDAQ,naver_kosdaq,
252990.KQ,샘씨엔에스,KOSDAQ,naver_kosdaq,
490470.KQ,세미파이브,KOSDAQ,naver_kosdaq,
397030.KQ,에이프릴바이오,KOSDAQ,naver_kosdaq,
056190.KQ,에스에프에이,KOSDAQ,naver_kosdaq,
115180.KQ,큐리언트,KOSDAQ,naver_kosdaq,
204270.KQ,제이앤티씨,KOSDAQ,naver_kosdaq,
466100.KQ,클로봇,KOSDAQ,naver_kosdaq,
213420.KQ,덕산네오룩스,KOSDAQ,naver_kosdaq,
086450.KQ,동국제약,KOSDAQ,naver_kosdaq,
048410.KQ,현대바이오,KOSDAQ,naver_kosdaq,
122870.KQ,와이지엔터테인먼트,KOSDAQ,naver_kosdaq,
160190.KQ,하이젠알앤엠,KOSDAQ,naver_kosdaq,
035760.KQ,CJ ENM,KOSDAQ,naver_kosdaq,
376900.KQ,로킷헬스케어,KOSDAQ,naver_kosdaq,
222080.KQ,씨아이에스,KOSDAQ,naver_kosdaq,
033100.KQ,제룡전기,KOSDAQ,naver_kosdaq,
053610.KQ,프로텍,KOSDAQ,naver_kosdaq,
293490.KQ,카카오게임즈,KOSDAQ,naver_kosdaq,
014620.KQ,성광벤드,KOSDAQ,naver_kosdaq,
171090.KQ,선익시스템,KOSDAQ,naver_kosdaq,
050890.KQ,쏠리드,KOSDAQ,naver_kosdaq,
094170.KQ,동운아나텍,KOSDAQ,naver_kosdaq,
046890.KQ,서울반도체,KOSDAQ,naver_kosdaq,
348370.KQ,엔켐,KOSDAQ,naver_kosdaq,
023160.KQ,태광,KOSDAQ,naver_kosdaq,
358570.KQ,지아이이노베이션,KOSDAQ,naver_kosdaq,
033790.KQ,피노,KOSDAQ,naver_kosdaq,
126340.KQ,비나텍,KOSDAQ,naver_kosdaq,
253450.KQ,스튜디오드래곤,KOSDAQ,naver_kosdaq,
456160.KQ,지투지바이오,KOSDAQ,naver_kosdaq,
033640.KQ,네패스,KOSDAQ,naver_kosdaq,
032190.KQ,다우데이타,KOSDAQ,naver_kosdaq,
052020.KQ,에스티큐브,KOSDAQ,naver_kosdaq,
102710.KQ,이엔에프테크놀로지,KOSDAQ,naver_kosdaq,
241710.KQ,코스메카코리아,KOSDAQ,naver_kosdaq,
056080.KQ,유진로봇,KOSDAQ,naver_kosdaq,
052400.KQ,코나아이,KOSDAQ,naver_kosdaq,
006730.KQ,서부T&D,KOSDAQ,naver_kosdaq,
036810.KQ,에프에스티,KOSDAQ,naver_kosdaq,
476060.KQ,온코닉테라퓨틱스,KOSDAQ,naver_kosdaq,
121600.KQ,나노신소재,KOSDAQ,naver_kosdaq,
425420.KQ,티에프이,KOSDAQ,naver_kosdaq,
059090.KQ,미코,KOSDAQ,naver_kosdaq,
399720.KQ,가온칩스,KOSDAQ,naver_kosdaq,
037460.KQ,삼지전자,KOSDAQ,naver_kosdaq,
365340.KQ,성일하이텍,KOSDAQ,naver_kosdaq,
033160.KQ,엠케이전자,KOSDAQ,naver_kosdaq,
077360.KQ,덕산하이메탈,KOSDAQ,naver_kosdaq,
102940.KQ,코오롱생명과학,KOSDAQ,naver_kosdaq,
044490.KQ,태웅,KOSDAQ,naver_kosdaq,
348210.KQ,넥스틴,KOSDAQ,naver_kosdaq,
122640.KQ,예스티,KOSDAQ,naver_kosdaq,
225570.KQ,넥슨게임즈,KOSDAQ,naver_kosdaq,
053800.KQ,안랩,KOSDAQ,naver_kosdaq,
041960.KQ,코미팜,KOSDAQ,naver_kosdaq,
336570.KQ,원텍,KOSDAQ,naver_kosdaq,
089890.KQ,코세스,KOSDAQ,naver_kosdaq,
439960.KQ,코스모로보틱스,KOSDAQ,naver_kosdaq,
009520.KQ,포스코엠텍,KOSDAQ,naver_kosdaq,
086900.KQ,메디톡스,KOSDAQ,naver_kosdaq,
330860.KQ,네패스아크,KOSDAQ,naver_kosdaq,
348340.KQ,뉴로메카,KOSDAQ,naver_kosdaq,
253590.KQ,네오셈,KOSDAQ,naver_kosdaq,
093320.KQ,케이아이엔엑스,KOSDAQ,naver_kosdaq,
112040.KQ,위메이드,KOSDAQ,naver_kosdaq,
060250.KQ,NHN KCP,KOSDAQ,naver_kosdaq,
104830.KQ,원익머트리얼즈,KOSDAQ,naver_kosdaq,
170920.KQ,엘티씨,KOSDAQ,naver_kosdaq,
041830.KQ,인바디,KOSDAQ,naver_kosdaq,
389470.KQ,인벤티지랩,KOSDAQ,naver_kosdaq,
174900.KQ,앱클론,KOSDAQ,naver_kosdaq,
019210.KQ,와이지-원,KOSDAQ,naver_kosdaq,
383310.KQ,에코프로에이치엔,KOSDAQ,naver_kosdaq,
082270.KQ,젬백스,KOSDAQ,naver_kosdaq,
045100.KQ,한양이엔지,KOSDAQ,naver_kosdaq,
486990.KQ,노타,KOSDAQ,naver_kosdaq,
272290.KQ,이녹스첨단소재,KOSDAQ,naver_kosdaq,
327260.KQ,RF머트리얼즈,KOSDAQ,naver_kosdaq,
376300.KQ,디어유,KOSDAQ,naver_kosdaq,
168360.KQ,펨트론,KOSDAQ,naver_kosdaq,
033500.KQ,동성화인텍,KOSDAQ,naver_kosdaq,
015750.KQ,성우하이텍,KOSDAQ,naver_kosdaq,
067160.KQ,SOOP,KOSDAQ,naver_kosdaq,
064290.KQ,인텍플러스,KOSDAQ,naver_kosdaq,
200710.KQ,에이디테크놀로지,KOSDAQ,naver_kosdaq,
214430.KQ,아이쓰리시스템,KOSDAQ,naver_kosdaq,
035890.KQ,서희건설,KOSDAQ,naver_kosdaq,
278280.KQ,천보,KOSDAQ,naver_kosdaq,
448900.KQ,한국피아이엠,KOSDAQ,naver_kosdaq,
089010.KQ,켐트로닉스,KOSDAQ,naver_kosdaq,
160980.KQ,싸이맥스,KOSDAQ,naver_kosdaq,
368770.KQ,파이버프로,KOSDAQ,naver_kosdaq,
475960.KQ,토모큐브,KOSDAQ,naver_kosdaq,
039440.KQ,에스티아이,KOSDAQ,naver_kosdaq,
460930.KQ,현대힘스,KOSDAQ,naver_kosdaq,
125490.KQ,한라캐스트,KOSDAQ,naver_kosdaq,
219130.KQ,타이거일렉,KOSDAQ,naver_kosdaq,
230360.KQ,에코마케팅,KOSDAQ,naver_kosdaq,
200470.KQ,에이팩트,KOSDAQ,naver_kosdaq,
211050.KQ,인카금융서비스,KOSDAQ,naver_kosdaq,
030520.KQ,한글과컴퓨터,KOSDAQ,naver_kosdaq,
110990.KQ,디아이티,KOSDAQ,naver_kosdaq,
241770.KQ,메카로,KOSDAQ,naver_kosdaq,
340570.KQ,티앤엘,KOSDAQ,naver_kosdaq,
356680.KQ,엑스게이트,KOSDAQ,naver_kosdaq,
099190.KQ,아이센스,KOSDAQ,naver_kosdaq,
041190.KQ,우리기술투자,KOSDAQ,naver_kosdaq,
024850.KQ,HLB이노베이션,KOSDAQ,naver_kosdaq,
042000.KQ,카페24,KOSDAQ,naver_kosdaq,
251970.KQ,펌텍코리아,KOSDAQ,naver_kosdaq,
114810.KQ,한솔아이원스,KOSDAQ,naver_kosdaq,
101160.KQ,월덱스,KOSDAQ,naver_kosdaq,
034950.KQ,한국기업평가,KOSDAQ,naver_kosdaq,
060280.KQ,큐렉소,KOSDAQ,naver_kosdaq,
018290.KQ,브이티,KOSDAQ,naver_kosdaq,
025980.KQ,아난티,KOSDAQ,naver_kosdaq,
393890.KQ,더블유씨피,KOSDAQ,naver_kosdaq,
036620.KQ,감성코퍼레이션,KOSDAQ,naver_kosdaq,
144960.KQ,뉴파워프라즈마,KOSDAQ,naver_kosdaq,
372320.KQ,큐로셀,KOSDAQ,naver_kosdaq,
092190.KQ,서울바이오시스,KOSDAQ,naver_kosdaq,
078350.KQ,한양디지텍,KOSDAQ,naver_kosdaq,
095660.KQ,네오위즈,KOSDAQ,naver_kosdaq,
290550.KQ,디케이티,KOSDAQ,naver_kosdaq,
079940.KQ,가비아,KOSDAQ,naver_kosdaq,
215200.KQ,메가스터디교육,KOSDAQ,naver_kosdaq,
078130.KQ,국일제지,KOSDAQ,naver_kosdaq,
389500.KQ,에스비비테크,KOSDAQ,naver_kosdaq,
101930.KQ,인화정공,KOSDAQ,naver_kosdaq,
425040.KQ,티이엠씨,KOSDAQ,naver_kosdaq,
493280.KQ,아이엠바이오로직스,KOSDAQ,naver_kosdaq,
025320.KQ,시노펙스,KOSDAQ,naver_kosdaq,
025900.KQ,동화기업,KOSDAQ,naver_kosdaq,
006910.KQ,보성파워텍,KOSDAQ,naver_kosdaq,
013030.KQ,하이록코리아,KOSDAQ,naver_kosdaq,
138080.KQ,오이솔루션,KOSDAQ,naver_kosdaq,
199800.KQ,툴젠,KOSDAQ,naver_kosdaq,
064260.KQ,다날,KOSDAQ,naver_kosdaq,
092870.KQ,엑시콘,KOSDAQ,naver_kosdaq,
078160.KQ,메디포스트,KOSDAQ,naver_kosdaq,
085910.KQ,네오티스,KOSDAQ,naver_kosdaq,
052710.KQ,아모텍,KOSDAQ,naver_kosdaq,
417840.KQ,저스템,KOSDAQ,naver_kosdaq,
080580.KQ,오킨스전자,KOSDAQ,naver_kosdaq,
304360.KQ,에스바이오메딕스,KOSDAQ,naver_kosdaq,
065680.KQ,우주일렉트로,KOSDAQ,naver_kosdaq,
394280.KQ,오픈엣지테크놀로지,KOSDAQ,naver_kosdaq,
107640.KQ,한중엔시에스,KOSDAQ,naver_kosdaq,
424870.KQ,이뮨온시아,KOSDAQ,naver_kosdaq,
455900.KQ,엔젤로보틱스,KOSDAQ,naver_kosdaq,
036200.KQ,유니셈,KOSDAQ,naver_kosdaq,
265520.KQ,AP시스템,KOSDAQ,naver_kosdaq,
482630.KQ,삼양엔씨켐,KOSDAQ,naver_kosdaq,
452280.KQ,한선엔지니어링,KOSDAQ,naver_kosdaq,
468530.KQ,프로티나,KOSDAQ,naver_kosdaq,
079370.KQ,제우스,KOSDAQ,naver_kosdaq,
117730.KQ,티로보틱스,KOSDAQ,naver_kosdaq,
067630.KQ,HLB생명과학,KOSDAQ,naver_kosdaq,
254490.KQ,미래반도체,KOSDAQ,naver_kosdaq,
078020.KQ,LS증권,KOSDAQ,naver_kosdaq,
332570.KQ,PS일렉트로닉스,KOSDAQ,naver_kosdaq,
354320.KQ,알멕,KOSDAQ,naver_kosdaq,
042520.KQ,한스바이오메드,KOSDAQ,naver_kosdaq,
119850.KQ,지엔씨에너지,KOSDAQ,naver_kosdaq,
003800.KQ,에이스침대,KOSDAQ,naver_kosdaq,
047920.KQ,HLB제약,KOSDAQ,naver_kosdaq,
069540.KQ,빛과전자,KOSDAQ,naver_kosdaq,
389650.KQ,넥스트바이오메디컬,KOSDAQ,naver_kosdaq,
215600.KQ,신라젠,KOSDAQ,naver_kosdaq,
098070.KQ,한텍,KOSDAQ,naver_kosdaq,
243070.KQ,휴온스,KOSDAQ,naver_kosdaq,
230240.KQ,에치에프알,KOSDAQ,naver_kosdaq,
179900.KQ,유티아이,KOSDAQ,naver_kosdaq,
086390.KQ,유니테스트,KOSDAQ,naver_kosdaq,
187660.KQ,페니트리움바이오,KOSDAQ,naver_kosdaq,
206650.KQ,유바이오로직스,KOSDAQ,naver_kosdaq,
084110.KQ,휴온스글로벌,KOSDAQ,naver_kosdaq,
488900.KQ,비츠로넥스텍,KOSDAQ,naver_kosdaq,
376270.KQ,HEM파마,KOSDAQ,naver_kosdaq,
036890.KQ,진성티이씨,KOSDAQ,naver_kosdaq,
069080.KQ,웹젠,KOSDAQ,naver_kosdaq,
287840.KQ,인투셀,KOSDAQ,naver_kosdaq,
049070.KQ,인탑스,KOSDAQ,naver_kosdaq,
477850.KQ,마키나락스,KOSDAQ,naver_kosdaq,
456010.KQ,아이씨티케이,KOSDAQ,naver_kosdaq,
462350.KQ,이노스페이스,KOSDAQ,naver_kosdaq,
234340.KQ,헥토파이낸셜,KOSDAQ,naver_kosdaq,
484590.KQ,삼양컴텍,KOSDAQ,naver_kosdaq,
091700.KQ,파트론,KOSDAQ,naver_kosdaq,
204620.KQ,글로벌텍스프리,KOSDAQ,naver_kosdaq,
187870.KQ,디바이스,KOSDAQ,naver_kosdaq,
317330.KQ,덕산테코피아,KOSDAQ,naver_kosdaq,
445090.KQ,에이직랜드,KOSDAQ,naver_kosdaq,
441270.KQ,파인엠텍,KOSDAQ,naver_kosdaq,
200670.KQ,휴메딕스,KOSDAQ,naver_kosdaq,
092460.KQ,한라IMS,KOSDAQ,naver_kosdaq,
064820.KQ,케이프,KOSDAQ,naver_kosdaq,
228760.KQ,지노믹트리,KOSDAQ,naver_kosdaq,
094360.KQ,칩스앤미디어,KOSDAQ,naver_kosdaq,
452430.KQ,사피엔반도체,KOSDAQ,naver_kosdaq,
272110.KQ,케이엔제이,KOSDAQ,naver_kosdaq,
475400.KQ,씨메스로보틱스,KOSDAQ,naver_kosdaq,
078340.KQ,컴투스,KOSDAQ,naver_kosdaq,
061970.KQ,LB세미콘,KOSDAQ,naver_kosdaq,
314930.KQ,바이오다인,KOSDAQ,naver_kosdaq,
236200.KQ,슈프리마,KOSDAQ,naver_kosdaq,
203650.KQ,드림시큐리티,KOSDAQ,naver_kosdaq,
136480.KQ,하림,KOSDAQ,naver_kosdaq,
378340.KQ,필에너지,KOSDAQ,naver_kosdaq,
241520.KQ,DSC인베스트먼트,KOSDAQ,naver_kosdaq,
089980.KQ,상아프론테크,KOSDAQ,naver_kosdaq,
042370.KQ,비츠로테크,KOSDAQ,naver_kosdaq,
043150.KQ,바텍,KOSDAQ,naver_kosdaq,
025770.KQ,한국정보통신,KOSDAQ,naver_kosdaq,
159010.KQ,아스플로,KOSDAQ,naver_kosdaq,
036800.KQ,나이스정보통신,KOSDAQ,naver_kosdaq,
322310.KQ,오로스테크놀로지,KOSDAQ,naver_kosdaq,
151860.KQ,KG에코솔루션,KOSDAQ,naver_kosdaq,
099430.KQ,바이오플러스,KOSDAQ,naver_kosdaq,
035810.KQ,이지홀딩스,KOSDAQ,naver_kosdaq,
274090.KQ,켄코아에어로스페이스,KOSDAQ,naver_kosdaq,
101730.KQ,위메이드맥스,KOSDAQ,naver_kosdaq,
046970.KQ,우리로,KOSDAQ,naver_kosdaq,
450950.KQ,아스테라시스,KOSDAQ,naver_kosdaq,
051500.KQ,CJ프레시웨이,KOSDAQ,naver_kosdaq,
064850.KQ,에프앤가이드,KOSDAQ,naver_kosdaq,
035600.KQ,KG이니시스,KOSDAQ,naver_kosdaq,
298830.KQ,슈어소프트테크,KOSDAQ,naver_kosdaq,
112290.KQ,와이씨켐,KOSDAQ,naver_kosdaq,
242040.KQ,나무기술,KOSDAQ,naver_kosdaq,
092730.KQ,네오팜,KOSDAQ,naver_kosdaq,
078150.KQ,HB테크놀러지,KOSDAQ,naver_kosdaq,
200130.KQ,콜마비앤에이치,KOSDAQ,naver_kosdaq,
060720.KQ,KH바텍,KOSDAQ,naver_kosdaq,
309710.KQ,아이티켐,KOSDAQ,naver_kosdaq,
054950.KQ,제이브이엠,KOSDAQ,naver_kosdaq,
215000.KQ,골프존,KOSDAQ,naver_kosdaq,
023410.KQ,유진기업,KOSDAQ,naver_kosdaq,
036170.KQ,에이치엠넥스,KOSDAQ,naver_kosdaq,
073490.KQ,LIG아큐버,KOSDAQ,naver_kosdaq,
144510.KQ,지씨셀,KOSDAQ,naver_kosdaq,
182400.KQ,엔케이젠바이오텍코리아,KOSDAQ,naver_kosdaq,
058970.KQ,엠로,KOSDAQ,naver_kosdaq,
114190.KQ,강원에너지,KOSDAQ,naver_kosdaq,
365270.KQ,큐라클,KOSDAQ,naver_kosdaq,
448280.KQ,에코아이,KOSDAQ,naver_kosdaq,
355150.KQ,코스텍시스,KOSDAQ,naver_kosdaq,
194700.KQ,노바렉스,KOSDAQ,naver_kosdaq,
472850.KQ,폰드그룹,KOSDAQ,naver_kosdaq,
108860.KQ,셀바스AI,KOSDAQ,naver_kosdaq,
043370.KQ,피에이치에이,KOSDAQ,naver_kosdaq,
051360.KQ,토비스,KOSDAQ,naver_kosdaq,
251370.KQ,와이엠티,KOSDAQ,naver_kosdaq,
053030.KQ,바이넥스,KOSDAQ,naver_kosdaq,
267980.KQ,매일유업,KOSDAQ,naver_kosdaq,
419530.KQ,SAMG엔터,KOSDAQ,naver_kosdaq,
900290.KQ,GRT,KOSDAQ,naver_kosdaq,
065660.KQ,안트로젠,KOSDAQ,naver_kosdaq,
352480.KQ,씨앤씨인터내셔널,KOSDAQ,naver_kosdaq,
950170.KQ,JTC,KOSDAQ,naver_kosdaq,
121800.KQ,비덴트,KOSDAQ,naver_kosdaq,
220100.KQ,퓨쳐켐,KOSDAQ,naver_kosdaq,
017890.KQ,한국알콜,KOSDAQ,naver_kosdaq,
377460.KQ,큐에이드,KOSDAQ,naver_kosdaq,
036710.KQ,심텍홀딩스,KOSDAQ,naver_kosdaq,
217730.KQ,강스템바이오텍,KOSDAQ,naver_kosdaq,
084850.KQ,아이티엠반도체,KOSDAQ,naver_kosdaq,
478340.KQ,나라스페이스테크놀로지,KOSDAQ,naver_kosdaq,
098120.KQ,마이크로컨텍솔,KOSDAQ,naver_kosdaq,
389260.KQ,대명에너지,KOSDAQ,naver_kosdaq,
014940.KQ,오리엔탈정공,KOSDAQ,naver_kosdaq,
416180.KQ,신성에스티,KOSDAQ,naver_kosdaq,
180400.KQ,DXVX,KOSDAQ,naver_kosdaq,
041920.KQ,메디아나,KOSDAQ,naver_kosdaq,
307180.KQ,아이엘,KOSDAQ,naver_kosdaq,
018000.KQ,유니슨,KOSDAQ,naver_kosdaq,
082800.KQ,비보존 제약,KOSDAQ,naver_kosdaq,
065710.KQ,서호전기,KOSDAQ,naver_kosdaq,
290690.KQ,소룩스,KOSDAQ,naver_kosdaq,
318060.KQ,그래피,KOSDAQ,naver_kosdaq,
459510.KQ,나우로보틱스,KOSDAQ,naver_kosdaq,
094480.KQ,갤럭시아머니트리,KOSDAQ,naver_kosdaq,
091580.KQ,상신이디피,KOSDAQ,naver_kosdaq,
061090.KQ,세나테크놀로지,KOSDAQ,naver_kosdaq,
314130.KQ,지놈앤컴퍼니,KOSDAQ,naver_kosdaq,
357550.KQ,석경에이티,KOSDAQ,naver_kosdaq,
011560.KQ,세보엠이씨,KOSDAQ,naver_kosdaq,
093520.KQ,매커스,KOSDAQ,naver_kosdaq,
243840.KQ,신흥에스이씨,KOSDAQ,naver_kosdaq,
046120.KQ,오르비텍,KOSDAQ,naver_kosdaq,
446540.KQ,메가터치,KOSDAQ,naver_kosdaq,
125020.KQ,티씨머티리얼즈,KOSDAQ,naver_kosdaq,
382900.KQ,범한퓨얼셀,KOSDAQ,naver_kosdaq,
439090.KQ,마녀공장,KOSDAQ,naver_kosdaq,
308430.KQ,셀비온,KOSDAQ,naver_kosdaq,
023760.KQ,한국캐피탈,KOSDAQ,naver_kosdaq,
388790.KQ,라이콤,KOSDAQ,naver_kosdaq,
019010.KQ,베뉴지,KOSDAQ,naver_kosdaq,
190510.KQ,나무가,KOSDAQ,naver_kosdaq,
474650.KQ,링크솔루션,KOSDAQ,naver_kosdaq,
095500.KQ,미래나노텍,KOSDAQ,naver_kosdaq,
012860.KQ,모베이스전자,KOSDAQ,naver_kosdaq,
100120.KQ,뷰웍스,KOSDAQ,naver_kosdaq,
206640.KQ,바디텍메드,KOSDAQ,naver_kosdaq,
018310.KQ,삼목에스폼,KOSDAQ,naver_kosdaq,
067390.KQ,아스트,KOSDAQ,naver_kosdaq,
357880.KQ,SKAI,KOSDAQ,naver_kosdaq,
040350.KQ,크레오에스지,KOSDAQ,naver_kosdaq,
294570.KQ,쿠콘,KOSDAQ,naver_kosdaq,
036030.KQ,케이티알파,KOSDAQ,naver_kosdaq,
389020.KQ,자람테크놀로지,KOSDAQ,naver_kosdaq,
053300.KQ,한국정보인증,KOSDAQ,naver_kosdaq,
099440.KQ,스맥,KOSDAQ,naver_kosdaq,
054210.KQ,이랜텍,KOSDAQ,naver_kosdaq,
353810.KQ,이지바이오,KOSDAQ,naver_kosdaq,
484810.KQ,티엑스알로보틱스,KOSDAQ,naver_kosdaq,
394800.KQ,쓰리빌리언,KOSDAQ,naver_kosdaq,
051370.KQ,인터플렉스,KOSDAQ,naver_kosdaq,
255220.KQ,SG,KOSDAQ,naver_kosdaq,
084990.KQ,헬릭스미스,KOSDAQ,naver_kosdaq,
005710.KQ,대원산업,KOSDAQ,naver_kosdaq,
461300.KQ,아이스크림미디어,KOSDAQ,naver_kosdaq,
138610.KQ,나이벡,KOSDAQ,naver_kosdaq,
068930.KQ,디지털대성,KOSDAQ,naver_kosdaq,
464080.KQ,에스오에스랩,KOSDAQ,naver_kosdaq,
451760.KQ,컨텍,KOSDAQ,naver_kosdaq,
115450.KQ,HLB테라퓨틱스,KOSDAQ,naver_kosdaq,
199820.KQ,제일일렉트릭,KOSDAQ,naver_kosdaq,
338840.KQ,와이바이오로직스,KOSDAQ,naver_kosdaq,
094820.KQ,일진파워,KOSDAQ,naver_kosdaq,
012210.KQ,삼미금속,KOSDAQ,naver_kosdaq,
092070.KQ,디엔에프,KOSDAQ,naver_kosdaq,
049630.KQ,재영솔루텍,KOSDAQ,naver_kosdaq,
083310.KQ,엘오티베큠,KOSDAQ,naver_kosdaq,
494120.KQ,큐리오시스,KOSDAQ,naver_kosdaq,
380540.KQ,옵티코어,KOSDAQ,naver_kosdaq,
013120.KQ,동원개발,KOSDAQ,naver_kosdaq,
088800.KQ,에이스테크,KOSDAQ,naver_kosdaq,
045390.KQ,대아티아이,KOSDAQ,naver_kosdaq,
270660.KQ,에브리봇,KOSDAQ,naver_kosdaq,
052330.KQ,코텍,KOSDAQ,naver_kosdaq,
214180.KQ,헥토이노베이션,KOSDAQ,naver_kosdaq,
457550.KQ,우진엔텍,KOSDAQ,naver_kosdaq,
432720.KQ,퀄리타스반도체,KOSDAQ,naver_kosdaq,
119610.KQ,인터로조,KOSDAQ,naver_kosdaq,
122990.KQ,와이솔,KOSDAQ,naver_kosdaq,
382800.KQ,지앤비에스 에코,KOSDAQ,naver_kosdaq,
304100.KQ,솔트룩스,KOSDAQ,naver_kosdaq,
126600.KQ,BGF에코머티리얼즈,KOSDAQ,naver_kosdaq,
034810.KQ,해성산업,KOSDAQ,naver_kosdaq,
402490.KQ,그린리소스,KOSDAQ,naver_kosdaq,
064550.KQ,바이오니아,KOSDAQ,naver_kosdaq,
054450.KQ,텔레칩스,KOSDAQ,naver_kosdaq,
121440.KQ,골프존홀딩스,KOSDAQ,naver_kosdaq,
489500.KQ,엘케이켐,KOSDAQ,naver_kosdaq,
036190.KQ,금화피에스시,KOSDAQ,naver_kosdaq,
256840.KQ,한국비엔씨,KOSDAQ,naver_kosdaq,
405100.KQ,큐알티,KOSDAQ,naver_kosdaq,
083930.KQ,아바코,KOSDAQ,naver_kosdaq,
036560.KQ,KZ정밀,KOSDAQ,naver_kosdaq,
237880.KQ,클리오,KOSDAQ,naver_kosdaq,
146320.KQ,비씨엔씨,KOSDAQ,naver_kosdaq,
067080.KQ,대화제약,KOSDAQ,naver_kosdaq,
484120.KQ,도우인시스,KOSDAQ,naver_kosdaq,
481070.KQ,에이유브랜즈,KOSDAQ,naver_kosdaq,
102120.KQ,어보브반도체,KOSDAQ,naver_kosdaq,
138360.KQ,앤로보틱스,KOSDAQ,naver_kosdaq,
039830.KQ,오로라,KOSDAQ,naver_kosdaq,
149950.KQ,아바텍,KOSDAQ,naver_kosdaq,
394420.KQ,리센스메디컬,KOSDAQ,naver_kosdaq,
418550.KQ,제이오,KOSDAQ,naver_kosdaq,
126730.KQ,코칩,KOSDAQ,naver_kosdaq,
192440.KQ,슈피겐코리아,KOSDAQ,naver_kosdaq,
101360.KQ,에코앤드림,KOSDAQ,naver_kosdaq,
016790.KQ,현대사료,KOSDAQ,naver_kosdaq,
032580.KQ,피델릭스,KOSDAQ,naver_kosdaq,
024840.KQ,KBI메탈,KOSDAQ,naver_kosdaq,
066620.KQ,국보디자인,KOSDAQ,naver_kosdaq,
462860.KQ,더즌,KOSDAQ,naver_kosdaq,
071200.KQ,인피니트헬스케어,KOSDAQ,naver_kosdaq,
108380.KQ,대양전기공업,KOSDAQ,naver_kosdaq,
211270.KQ,AP위성,KOSDAQ,naver_kosdaq,
086820.KQ,바이오솔루션,KOSDAQ,naver_kosdaq,
950140.KQ,잉글우드랩,KOSDAQ,naver_kosdaq,
123860.KQ,아나패스,KOSDAQ,naver_kosdaq,
371950.KQ,풍원정밀,KOSDAQ,naver_kosdaq,
216080.KQ,제테마,KOSDAQ,naver_kosdaq,
232680.KQ,라온로보틱스,KOSDAQ,naver_kosdaq,
143240.KQ,사람인,KOSDAQ,naver_kosdaq,
372170.KQ,윤성에프앤씨,KOSDAQ,naver_kosdaq,
039840.KQ,디오,KOSDAQ,naver_kosdaq,
474170.KQ,루미르,KOSDAQ,naver_kosdaq,
123330.KQ,제닉,KOSDAQ,naver_kosdaq,
176750.KQ,듀켐바이오,KOSDAQ,naver_kosdaq,
078070.KQ,유비쿼스홀딩스,KOSDAQ,naver_kosdaq,
042420.KQ,네오위즈홀딩스,KOSDAQ,naver_kosdaq,
194480.KQ,데브시스터즈,KOSDAQ,naver_kosdaq,
402030.KQ,코난테크놀로지,KOSDAQ,naver_kosdaq,
024060.KQ,흥구석유,KOSDAQ,naver_kosdaq,
123410.KQ,코리아에프티,KOSDAQ,naver_kosdaq,
403850.KQ,더핑크퐁컴퍼니,KOSDAQ,naver_kosdaq,
199430.KQ,케이엔알시스템,KOSDAQ,naver_kosdaq,
079960.KQ,동양이엔피,KOSDAQ,naver_kosdaq,
080160.KQ,모두투어,KOSDAQ,naver_kosdaq,
126700.KQ,하이비젼시스템,KOSDAQ,naver_kosdaq,
039860.KQ,나노엔텍,KOSDAQ,naver_kosdaq,
092130.KQ,이크레더블,KOSDAQ,naver_kosdaq,
024800.KQ,유성티엔에스,KOSDAQ,naver_kosdaq,
264450.KQ,유비쿼스,KOSDAQ,naver_kosdaq,
126640.KQ,화신정공,KOSDAQ,naver_kosdaq,
226590.KQ,엠디바이스,KOSDAQ,naver_kosdaq,
140670.KQ,알에스오토메이션,KOSDAQ,naver_kosdaq,
119830.KQ,아이텍,KOSDAQ,naver_kosdaq,
488280.KQ,에스투더블유,KOSDAQ,naver_kosdaq,
118990.KQ,모트렉스,KOSDAQ,naver_kosdaq,
445180.KQ,퓨릿,KOSDAQ,naver_kosdaq,
264850.KQ,이랜시스,KOSDAQ,naver_kosdaq,
361390.KQ,제노코,KOSDAQ,naver_kosdaq,
452450.KQ,피아이이,KOSDAQ,naver_kosdaq,
109740.KQ,디에스케이,KOSDAQ,naver_kosdaq,
143160.KQ,아이디스,KOSDAQ,naver_kosdaq,
083500.KQ,에프엔에스테크,KOSDAQ,naver_kosdaq,
032620.KQ,GC메디아이,KOSDAQ,naver_kosdaq,
418420.KQ,라온텍,KOSDAQ,naver_kosdaq,
058820.KQ,CMG제약,KOSDAQ,naver_kosdaq,
377450.KQ,리파인,KOSDAQ,naver_kosdaq,
086670.KQ,비엠티,KOSDAQ,naver_kosdaq,
049430.KQ,코메론,KOSDAQ,naver_kosdaq,
048870.KQ,시너지이노베이션,KOSDAQ,naver_kosdaq,
066430.KQ,아이로보틱스,KOSDAQ,naver_kosdaq,
308080.KQ,바이젠셀,KOSDAQ,naver_kosdaq,
038390.KQ,레드캡투어,KOSDAQ,naver_kosdaq,
041020.KQ,폴라리스오피스,KOSDAQ,naver_kosdaq,
388050.KQ,지투파워,KOSDAQ,naver_kosdaq,
417010.KQ,나노팀,KOSDAQ,naver_kosdaq,
086980.KQ,쇼박스,KOSDAQ,naver_kosdaq,
011040.KQ,경동제약,KOSDAQ,naver_kosdaq,
042600.KQ,새로닉스,KOSDAQ,naver_kosdaq,
046440.KQ,KG파이낸셜,KOSDAQ,naver_kosdaq,
007330.KQ,푸른저축은행,KOSDAQ,naver_kosdaq,
104480.KQ,티케이케미칼,KOSDAQ,naver_kosdaq,
179290.KQ,엠아이텍,KOSDAQ,naver_kosdaq,
066410.KQ,버킷스튜디오,KOSDAQ,naver_kosdaq,
046070.KQ,코다코,KOSDAQ,naver_kosdaq,
023910.KQ,대한약품,KOSDAQ,naver_kosdaq,
114840.KQ,아이패밀리에스씨,KOSDAQ,naver_kosdaq,
060150.KQ,인선이엔티,KOSDAQ,naver_kosdaq,
072870.KQ,메가스터디,KOSDAQ,naver_kosdaq,
293580.KQ,나우IB,KOSDAQ,naver_kosdaq,
049960.KQ,쎌바이오텍,KOSDAQ,naver_kosdaq,
093190.KQ,빅솔론,KOSDAQ,naver_kosdaq,
032940.KQ,원익,KOSDAQ,naver_kosdaq,
285490.KQ,노바텍,KOSDAQ,naver_kosdaq,
147830.KQ,제룡산업,KOSDAQ,naver_kosdaq,
125210.KQ,아모그린텍,KOSDAQ,naver_kosdaq,
220260.KQ,켐트로스,KOSDAQ,naver_kosdaq,
053080.KQ,케이엔솔,KOSDAQ,naver_kosdaq,
380550.KQ,뉴로핏,KOSDAQ,naver_kosdaq,
473980.KQ,노머스,KOSDAQ,naver_kosdaq,
267320.KQ,나인테크,KOSDAQ,naver_kosdaq,
289930.KQ,웨이비스,KOSDAQ,naver_kosdaq,
038290.KQ,마크로젠,KOSDAQ,naver_kosdaq,
051980.KQ,중앙첨단소재,KOSDAQ,naver_kosdaq,
331920.KQ,셀레믹스,KOSDAQ,naver_kosdaq,
106190.KQ,하이텍팜,KOSDAQ,naver_kosdaq,
321550.KQ,티움바이오,KOSDAQ,naver_kosdaq,
259630.KQ,엠플러스,KOSDAQ,naver_kosdaq,
067280.KQ,멀티캠퍼스,KOSDAQ,naver_kosdaq,
334970.KQ,프레스티지바이오로직스,KOSDAQ,naver_kosdaq,
001540.KQ,안국약품,KOSDAQ,naver_kosdaq,
105330.KQ,케이엔더블유,KOSDAQ,naver_kosdaq,
047310.KQ,파워로직스,KOSDAQ,naver_kosdaq,
282880.KQ,코윈테크,KOSDAQ,naver_kosdaq,
264660.KQ,씨앤지하이테크,KOSDAQ,naver_kosdaq,
005990.KQ,매일홀딩스,KOSDAQ,naver_kosdaq,
054800.KQ,아이디스홀딩스,KOSDAQ,naver_kosdaq,
299030.KQ,하나기술,KOSDAQ,naver_kosdaq,
073010.KQ,케이에스피,KOSDAQ,naver_kosdaq,
234690.KQ,녹십자웰빙,KOSDAQ,naver_kosdaq,
115500.KQ,케이씨에스,KOSDAQ,naver_kosdaq,
209640.KQ,와이제이링크,KOSDAQ,naver_kosdaq,
041440.KQ,현대에버다임,KOSDAQ,naver_kosdaq,
260970.KQ,에스앤디,KOSDAQ,naver_kosdaq,
039560.KQ,다산네트웍스,KOSDAQ,naver_kosdaq,
289080.KQ,SV인베스트먼트,KOSDAQ,naver_kosdaq,
037350.KQ,성도이엔지,KOSDAQ,naver_kosdaq,
142210.KQ,유니트론텍,KOSDAQ,naver_kosdaq,
297890.KQ,HB솔루션,KOSDAQ,naver_kosdaq,
293780.KQ,압타바이오,KOSDAQ,naver_kosdaq,
204610.KQ,티쓰리,KOSDAQ,naver_kosdaq,
049720.KQ,고려신용정보,KOSDAQ,naver_kosdaq,
187790.KQ,나노,KOSDAQ,naver_kosdaq,
036010.KQ,아비코전자,KOSDAQ,naver_kosdaq,
021080.KQ,에이티넘인베스트,KOSDAQ,naver_kosdaq,
023600.KQ,삼보판지,KOSDAQ,naver_kosdaq,
037030.KQ,파워넷,KOSDAQ,naver_kosdaq,
086890.KQ,이수앱지스,KOSDAQ,naver_kosdaq,
222040.KQ,코스맥스엔비티,KOSDAQ,naver_kosdaq,
221800.KQ,지구홀딩스,KOSDAQ,naver_kosdaq,
095700.KQ,제넥신,KOSDAQ,naver_kosdaq,
321370.KQ,센서뷰,KOSDAQ,naver_kosdaq,
300080.KQ,플리토,KOSDAQ,naver_kosdaq,
408920.KQ,메쎄이상,KOSDAQ,naver_kosdaq,
469610.KQ,이노테크,KOSDAQ,naver_kosdaq,
013990.KQ,아가방컴퍼니,KOSDAQ,naver_kosdaq,
037070.KQ,파세코,KOSDAQ,naver_kosdaq,
005160.KQ,동국산업,KOSDAQ,naver_kosdaq,
108230.KQ,톱텍,KOSDAQ,naver_kosdaq,
322510.KQ,제이엘케이,KOSDAQ,naver_kosdaq,
307750.KQ,국전,KOSDAQ,naver_kosdaq,
166480.KQ,코아스템켐온,KOSDAQ,naver_kosdaq,
069510.KQ,에스텍,KOSDAQ,naver_kosdaq,
101170.KQ,우림피티에스,KOSDAQ,naver_kosdaq,
269620.KQ,시스웍,KOSDAQ,naver_kosdaq,
163730.KQ,핑거,KOSDAQ,naver_kosdaq,
205500.KQ,넥써쓰,KOSDAQ,naver_kosdaq,
017510.KQ,세명전기,KOSDAQ,naver_kosdaq,
059120.KQ,아진엑스텍,KOSDAQ,naver_kosdaq,
338220.KQ,뷰노,KOSDAQ,naver_kosdaq,
136540.KQ,윈스테크넷,KOSDAQ,naver_kosdaq,
263860.KQ,지니언스,KOSDAQ,naver_kosdaq,
217270.KQ,넵튠,KOSDAQ,naver_kosdaq,
158430.KQ,아톤,KOSDAQ,naver_kosdaq,
122450.KQ,KX,KOSDAQ,naver_kosdaq,
148150.KQ,세경하이테크,KOSDAQ,naver_kosdaq,
240550.KQ,동방메디컬,KOSDAQ,naver_kosdaq,
101970.KQ,우양에이치씨,KOSDAQ,naver_kosdaq,
056090.KQ,시지메드텍,KOSDAQ,naver_kosdaq,
256940.KQ,킵스파마,KOSDAQ,naver_kosdaq,
095190.KQ,신화프리텍,KOSDAQ,naver_kosdaq,
340450.KQ,지씨지놈,KOSDAQ,naver_kosdaq,
036690.KQ,코맥스,KOSDAQ,naver_kosdaq,
115310.KQ,인포바인,KOSDAQ,naver_kosdaq,
008830.KQ,대동기어,KOSDAQ,naver_kosdaq,
452190.KQ,한빛레이저,KOSDAQ,naver_kosdaq,
067990.KQ,도이치모터스,KOSDAQ,naver_kosdaq,
453450.KQ,그리드위즈,KOSDAQ,naver_kosdaq,
003100.KQ,선광,KOSDAQ,naver_kosdaq,
212560.KQ,네오오토,KOSDAQ,naver_kosdaq,
172670.KQ,에이엘티,KOSDAQ,naver_kosdaq,
090850.KQ,현대이지웰,KOSDAQ,naver_kosdaq,
080420.KQ,모다이노칩,KOSDAQ,naver_kosdaq,
290720.KQ,푸드나무,KOSDAQ,naver_kosdaq,
333430.KQ,일승,KOSDAQ,naver_kosdaq,
053700.KQ,삼보모터스,KOSDAQ,naver_kosdaq,
950250.KQ,테라뷰,KOSDAQ,naver_kosdaq,
336680.KQ,탑런토탈솔루션,KOSDAQ,naver_kosdaq,
123040.KQ,엠에스오토텍,KOSDAQ,naver_kosdaq,
297090.KQ,씨에스베어링,KOSDAQ,naver_kosdaq,
306620.KQ,지아이에스,KOSDAQ,naver_kosdaq,
323350.KQ,다원넥스뷰,KOSDAQ,naver_kosdaq,
149980.KQ,하이로닉,KOSDAQ,naver_kosdaq,
950190.KQ,고스트스튜디오,KOSDAQ,naver_kosdaq,
115440.KQ,우리넷,KOSDAQ,naver_kosdaq,
013310.KQ,아진산업,KOSDAQ,naver_kosdaq,
290740.KQ,액트로,KOSDAQ,naver_kosdaq,
027710.KQ,팜스토리,KOSDAQ,naver_kosdaq,
089600.KQ,KT나스미디어,KOSDAQ,naver_kosdaq,
396300.KQ,세아메카닉스,KOSDAQ,naver_kosdaq,
068790.KQ,DMS,KOSDAQ,naver_kosdaq,
006620.KQ,동구바이오제약,KOSDAQ,naver_kosdaq,
054920.KQ,한컴위드,KOSDAQ,naver_kosdaq,
339950.KQ,아이비김영,KOSDAQ,naver_kosdaq,
205100.KQ,엑셈,KOSDAQ,naver_kosdaq,
323990.KQ,박셀바이오,KOSDAQ,naver_kosdaq,
156100.KQ,엘앤케이바이오,KOSDAQ,naver_kosdaq,
041520.KQ,이엘씨,KOSDAQ,naver_kosdaq,
475230.KQ,엔알비,KOSDAQ,naver_kosdaq,
235980.KQ,메드팩토,KOSDAQ,naver_kosdaq,
067900.KQ,와이엔텍,KOSDAQ,naver_kosdaq,
417500.KQ,제이아이테크,KOSDAQ,naver_kosdaq,
063570.KQ,NICE인프라,KOSDAQ,naver_kosdaq,
474610.KQ,RF시스템즈,KOSDAQ,naver_kosdaq,
396270.KQ,넥스트칩,KOSDAQ,naver_kosdaq,
192410.KQ,오늘이엔엠,KOSDAQ,naver_kosdaq,
088130.KQ,동아엘텍,KOSDAQ,naver_kosdaq,
041590.KQ,플래스크,KOSDAQ,naver_kosdaq,
054050.KQ,NH농우바이오,KOSDAQ,naver_kosdaq,
310200.KQ,애니플러스,KOSDAQ,naver_kosdaq,
036630.KQ,세종텔레콤,KOSDAQ,naver_kosdaq,
365330.KQ,에스와이스틸텍,KOSDAQ,naver_kosdaq,
054540.KQ,삼영엠텍,KOSDAQ,naver_kosdaq,
071280.KQ,로체시스템즈,KOSDAQ,naver_kosdaq,
366030.KQ,공구우먼,KOSDAQ,naver_kosdaq,
381620.KQ,제닉스로보틱스,KOSDAQ,naver_kosdaq,
228850.KQ,레이언스,KOSDAQ,naver_kosdaq,
018120.KQ,진로발효,KOSDAQ,naver_kosdaq,
322180.KQ,LS티라유텍,KOSDAQ,naver_kosdaq,
263720.KQ,디앤씨미디어,KOSDAQ,naver_kosdaq,
475580.KQ,에이럭스,KOSDAQ,naver_kosdaq,
052900.KQ,KX하이텍,KOSDAQ,naver_kosdaq,
051160.KQ,지어소프트,KOSDAQ,naver_kosdaq,
062970.KQ,한국첨단소재,KOSDAQ,naver_kosdaq,
052260.KQ,현대바이오랜드,KOSDAQ,naver_kosdaq,
451220.KQ,아이엠티,KOSDAQ,naver_kosdaq,
049520.KQ,유아이엘,KOSDAQ,naver_kosdaq,
234030.KQ,싸이닉솔루션,KOSDAQ,naver_kosdaq,
307930.KQ,컴퍼니케이,KOSDAQ,naver_kosdaq,
357580.KQ,아모센스,KOSDAQ,naver_kosdaq,
396470.KQ,워트,KOSDAQ,naver_kosdaq,
040300.KQ,YTN,KOSDAQ,naver_kosdaq,
047560.KQ,이스트소프트,KOSDAQ,naver_kosdaq,
131030.KQ,옵투스제약,KOSDAQ,naver_kosdaq,
073560.KQ,우리손에프앤지,KOSDAQ,naver_kosdaq,
203400.KQ,에이비온,KOSDAQ,naver_kosdaq,
212710.KQ,아이에스티이,KOSDAQ,naver_kosdaq,
104460.KQ,디와이피엔에프,KOSDAQ,naver_kosdaq,
009780.KQ,엠에스씨,KOSDAQ,naver_kosdaq,
215100.KQ,로보로보,KOSDAQ,naver_kosdaq,
107600.KQ,새빗켐,KOSDAQ,naver_kosdaq,
141000.KQ,비아트론,KOSDAQ,naver_kosdaq,
021320.KQ,KCC건설,KOSDAQ,naver_kosdaq,
382840.KQ,원준,KOSDAQ,naver_kosdaq,
044990.KQ,에이치엔에스하이텍,KOSDAQ,naver_kosdaq,
182360.KQ,큐브엔터,KOSDAQ,naver_kosdaq,
035080.KQ,그래디언트,KOSDAQ,naver_kosdaq,
109610.KQ,에스와이,KOSDAQ,naver_kosdaq,
040160.KQ,누리플렉스,KOSDAQ,naver_kosdaq,
255440.KQ,야스,KOSDAQ,naver_kosdaq,
309960.KQ,LB인베스트먼트,KOSDAQ,naver_kosdaq,
086960.KQ,MDS테크,KOSDAQ,naver_kosdaq,
074430.KQ,아미노로직스,KOSDAQ,naver_kosdaq,
093640.KQ,케이알엠,KOSDAQ,naver_kosdaq,
078890.KQ,가온그룹,KOSDAQ,naver_kosdaq,
094840.KQ,슈프리마에이치큐,KOSDAQ,naver_kosdaq,
049950.KQ,미래컴퍼니,KOSDAQ,naver_kosdaq,
217820.KQ,원익피앤이,KOSDAQ,naver_kosdaq,
489460.KQ,바이오비쥬,KOSDAQ,naver_kosdaq,
048550.KQ,SM C&C,KOSDAQ,naver_kosdaq,
214680.KQ,디알텍,KOSDAQ,naver_kosdaq,
038540.KQ,상상인,KOSDAQ,naver_kosdaq,
090470.KQ,제이스로보틱스,KOSDAQ,naver_kosdaq,
288180.KQ,케이피항공산업,KOSDAQ,naver_kosdaq,
002230.KQ,피에스텍,KOSDAQ,naver_kosdaq,
047820.KQ,초록뱀미디어,KOSDAQ,naver_kosdaq,
250060.KQ,모비스,KOSDAQ,naver_kosdaq,
099750.KQ,이지케어텍,KOSDAQ,naver_kosdaq,
047770.KQ,코데즈컴바인,KOSDAQ,naver_kosdaq,
039340.KQ,한국경제TV,KOSDAQ,naver_kosdaq,
360070.KQ,탑머티리얼,KOSDAQ,naver_kosdaq,
045970.KQ,코아시아,KOSDAQ,naver_kosdaq,
246710.KQ,티앤알바이오팹,KOSDAQ,naver_kosdaq,
337930.KQ,젝시믹스,KOSDAQ,naver_kosdaq,
059210.KQ,메타바이오메드,KOSDAQ,naver_kosdaq,
025950.KQ,동신건설,KOSDAQ,naver_kosdaq,
065450.KQ,빅텍,KOSDAQ,naver_kosdaq,
173130.KQ,오파스넷,KOSDAQ,naver_kosdaq,
096240.KQ,크레버스,KOSDAQ,naver_kosdaq,
330730.KQ,스톤브릿지벤처스,KOSDAQ,naver_kosdaq,
005860.KQ,한일사료,KOSDAQ,naver_kosdaq,
136150.KQ,원일티엔아이,KOSDAQ,naver_kosdaq,
246720.KQ,아스타,KOSDAQ,naver_kosdaq,
085670.KQ,뉴프렉스,KOSDAQ,naver_kosdaq,
086710.KQ,선진뷰티사이언스,KOSDAQ,naver_kosdaq,
417970.KQ,모델솔루션,KOSDAQ,naver_kosdaq,
023900.KQ,풍국주정,KOSDAQ,naver_kosdaq,
032300.KQ,한국파마,KOSDAQ,naver_kosdaq,
120240.KQ,대정화금,KOSDAQ,naver_kosdaq,
457370.KQ,한켐,KOSDAQ,naver_kosdaq,
066790.KQ,씨씨에스,KOSDAQ,naver_kosdaq,
100700.KQ,세운메디칼,KOSDAQ,naver_kosdaq,
039010.KQ,현대에이치티,KOSDAQ,naver_kosdaq,
352090.KQ,스톰테크,KOSDAQ,naver_kosdaq,
456070.KQ,이엔셀,KOSDAQ,naver_kosdaq,
217330.KQ,싸이토젠,KOSDAQ,naver_kosdaq,
493330.KQ,지에프아이,KOSDAQ,naver_kosdaq,
282720.KQ,금양그린파워,KOSDAQ,naver_kosdaq,
000440.KQ,중앙에너비스,KOSDAQ,naver_kosdaq,
223250.KQ,드림씨아이에스,KOSDAQ,naver_kosdaq,
068240.KQ,다원시스,KOSDAQ,naver_kosdaq,
225190.KQ,LK삼양,KOSDAQ,naver_kosdaq,
413630.KQ,씨피시스템,KOSDAQ,naver_kosdaq,
317770.KQ,엑스페릭스,KOSDAQ,naver_kosdaq,
078140.KQ,대봉엘에스,KOSDAQ,naver_kosdaq,
357230.KQ,에이치피오,KOSDAQ,naver_kosdaq,
389030.KQ,지니너스,KOSDAQ,naver_kosdaq,
063080.KQ,컴투스홀딩스,KOSDAQ,naver_kosdaq,
042510.KQ,라온시큐어,KOSDAQ,naver_kosdaq,
100590.KQ,머큐리,KOSDAQ,naver_kosdaq,
331740.KQ,아우토크립트,KOSDAQ,naver_kosdaq,
036220.KQ,오상헬스케어,KOSDAQ,naver_kosdaq,
038110.KQ,에코플라스틱,KOSDAQ,naver_kosdaq,
389140.KQ,포바이포,KOSDAQ,naver_kosdaq,
042500.KQ,링네트,KOSDAQ,naver_kosdaq,
362320.KQ,청담글로벌,KOSDAQ,naver_kosdaq,
487580.KQ,폴레드,KOSDAQ,naver_kosdaq,
226400.KQ,오스테오닉,KOSDAQ,naver_kosdaq,
035610.KQ,솔본,KOSDAQ,naver_kosdaq,
245620.KQ,EDGC,KOSDAQ,naver_kosdaq,
039980.KQ,폴라리스AI,KOSDAQ,naver_kosdaq,
066980.KQ,한성크린텍,KOSDAQ,naver_kosdaq,
302550.KQ,리메드,KOSDAQ,naver_kosdaq,
377480.KQ,마음AI,KOSDAQ,naver_kosdaq,
072020.KQ,중앙백신,KOSDAQ,naver_kosdaq,
303810.KQ,동국생명과학,KOSDAQ,naver_kosdaq,
066310.KQ,큐에스아이,KOSDAQ,naver_kosdaq,
311320.KQ,지오엘리먼트,KOSDAQ,naver_kosdaq,
029480.KQ,광무,KOSDAQ,naver_kosdaq,
092040.KQ,아미코젠,KOSDAQ,naver_kosdaq,
053260.KQ,금강철강,KOSDAQ,naver_kosdaq,
265740.KQ,엔에프씨,KOSDAQ,naver_kosdaq,
033290.KQ,로젠,KOSDAQ,naver_kosdaq,
129920.KQ,대성하이텍,KOSDAQ,naver_kosdaq,
418470.KQ,KT밀리의서재,KOSDAQ,naver_kosdaq,
089230.KQ,THE E&M,KOSDAQ,naver_kosdaq,
131370.KQ,알서포트,KOSDAQ,naver_kosdaq,
093920.KQ,서원인텍,KOSDAQ,naver_kosdaq,
950130.KQ,엑세스바이오,KOSDAQ,naver_kosdaq,
443670.KQ,에스피소프트,KOSDAQ,naver_kosdaq,
100130.KQ,동국S&C,KOSDAQ,naver_kosdaq,
040420.KQ,정상제이엘에스,KOSDAQ,naver_kosdaq,
063170.KQ,서울옥션,KOSDAQ,naver_kosdaq,
464490.KQ,쿼드메디슨,KOSDAQ,naver_kosdaq,
052860.KQ,아이앤씨,KOSDAQ,naver_kosdaq,
203690.KQ,아크솔루션스,KOSDAQ,naver_kosdaq,
262260.KQ,에이프로,KOSDAQ,naver_kosdaq,
348350.KQ,위드텍,KOSDAQ,naver_kosdaq,
408470.KQ,한패스,KOSDAQ,naver_kosdaq,
059270.KQ,해성에어로보틱스,KOSDAQ,naver_kosdaq,
066700.KQ,테라젠이텍스,KOSDAQ,naver_kosdaq,
043610.KQ,KT지니뮤직,KOSDAQ,naver_kosdaq,
330350.KQ,위더스제약,KOSDAQ,naver_kosdaq,
298540.KQ,더네이쳐홀딩스,KOSDAQ,naver_kosdaq,
024880.KQ,케이피에프,KOSDAQ,naver_kosdaq,
052420.KQ,오성첨단소재,KOSDAQ,naver_kosdaq,
009300.KQ,삼아제약,KOSDAQ,naver_kosdaq,
030960.KQ,양지사,KOSDAQ,naver_kosdaq,
131400.KQ,이브이첨단소재,KOSDAQ,naver_kosdaq,
011370.KQ,서한,KOSDAQ,naver_kosdaq,
101330.KQ,모베이스,KOSDAQ,naver_kosdaq,
463020.KQ,뉴엔AI,KOSDAQ,naver_kosdaq,
024830.KQ,세원물산,KOSDAQ,naver_kosdaq,
412350.KQ,레이저쎌,KOSDAQ,naver_kosdaq,
053580.KQ,웹케시,KOSDAQ,naver_kosdaq,
096250.KQ,와이즈넛,KOSDAQ,naver_kosdaq,
130580.KQ,나이스디앤비,KOSDAQ,naver_kosdaq,
347890.KQ,엠엑스온,KOSDAQ,naver_kosdaq,
117670.KQ,알파칩스,KOSDAQ,naver_kosdaq,
004650.KQ,창해에탄올,KOSDAQ,naver_kosdaq,
049080.KQ,기가레인,KOSDAQ,naver_kosdaq,
072950.KQ,빛샘전자,KOSDAQ,naver_kosdaq,
208370.KQ,셀바스헬스케어,KOSDAQ,naver_kosdaq,
049180.KQ,셀루메드,KOSDAQ,naver_kosdaq,
183490.KQ,엔지켐생명과학,KOSDAQ,naver_kosdaq,
004590.KQ,한국가구,KOSDAQ,naver_kosdaq,
067000.KQ,조이시티,KOSDAQ,naver_kosdaq,
066590.KQ,스모트로닉,KOSDAQ,naver_kosdaq,
088390.KQ,이녹스,KOSDAQ,naver_kosdaq,
453860.KQ,에이에스텍,KOSDAQ,naver_kosdaq,
321260.KQ,프로이천,KOSDAQ,naver_kosdaq,
019540.KQ,일지테크,KOSDAQ,naver_kosdaq,
040910.KQ,아이씨디,KOSDAQ,naver_kosdaq,
058630.KQ,엠게임,KOSDAQ,naver_kosdaq,
439580.KQ,블루엠텍,KOSDAQ,naver_kosdaq,
225530.KQ,HC보광산업,KOSDAQ,naver_kosdaq,
079810.KQ,APS이노베이션,KOSDAQ,naver_kosdaq,
432470.KQ,케이엔에스,KOSDAQ,naver_kosdaq,
265560.KQ,영화테크,KOSDAQ,naver_kosdaq,
142280.KQ,녹십자엠에스,KOSDAQ,naver_kosdaq,
251120.KQ,바이오에프디엔씨,KOSDAQ,naver_kosdaq,
054620.KQ,APS,KOSDAQ,naver_kosdaq,
124560.KQ,태웅로직스,KOSDAQ,naver_kosdaq,
054670.KQ,대한뉴팜,KOSDAQ,naver_kosdaq,
175250.KQ,아이큐어,KOSDAQ,naver_kosdaq,
261780.KQ,아리바이오랩,KOSDAQ,naver_kosdaq,
424960.KQ,스마트레이더시스템,KOSDAQ,naver_kosdaq,
033340.KQ,좋은사람들,KOSDAQ,naver_kosdaq,
037760.KQ,쎄니트,KOSDAQ,naver_kosdaq,
041930.KQ,SY동아,KOSDAQ,naver_kosdaq,
412540.KQ,제일엠앤에스,KOSDAQ,naver_kosdaq,
189330.KQ,씨이랩,KOSDAQ,naver_kosdaq,
411080.KQ,샌즈랩,KOSDAQ,naver_kosdaq,
253840.KQ,수젠텍,KOSDAQ,naver_kosdaq,
382480.KQ,지아이텍,KOSDAQ,naver_kosdaq,
084730.KQ,팅크웨어,KOSDAQ,naver_kosdaq,
238090.KQ,앤디포스,KOSDAQ,naver_kosdaq,
234300.KQ,에스트래픽,KOSDAQ,naver_kosdaq,
290660.KQ,다이나믹솔루션,KOSDAQ,naver_kosdaq,
054040.KQ,한국컴퓨터,KOSDAQ,naver_kosdaq,
048530.KQ,인트론바이오,KOSDAQ,naver_kosdaq,
084650.KQ,랩지노믹스,KOSDAQ,naver_kosdaq,
476040.KQ,오가노이드사이언스,KOSDAQ,naver_kosdaq,
451250.KQ,삐아,KOSDAQ,naver_kosdaq,
222160.KQ,NPX,KOSDAQ,naver_kosdaq,
170030.KQ,현대공업,KOSDAQ,naver_kosdaq,
294630.KQ,서남,KOSDAQ,naver_kosdaq,
475430.KQ,키스트론,KOSDAQ,naver_kosdaq,
277880.KQ,티에스아이,KOSDAQ,naver_kosdaq,
017480.KQ,삼현철강,KOSDAQ,naver_kosdaq,
370090.KQ,퓨런티어,KOSDAQ,naver_kosdaq,
147760.KQ,피엠티,KOSDAQ,naver_kosdaq,
413390.KQ,엠오티,KOSDAQ,naver_kosdaq,
419050.KQ,삼기에너지솔루션즈,KOSDAQ,naver_kosdaq,
388870.KQ,파로스아이바이오,KOSDAQ,naver_kosdaq,
101670.KQ,하이드로리튬,KOSDAQ,naver_kosdaq,
010280.KQ,아이티센엔텍,KOSDAQ,naver_kosdaq,
037440.KQ,희림,KOSDAQ,naver_kosdaq,
065510.KQ,휴비츠,KOSDAQ,naver_kosdaq,
060590.KQ,씨티씨바이오,KOSDAQ,naver_kosdaq,
217190.KQ,제너셈,KOSDAQ,naver_kosdaq,
017650.KQ,대림제지,KOSDAQ,naver_kosdaq,
036640.KQ,HRS,KOSDAQ,naver_kosdaq,
110790.KQ,크리스에프앤씨,KOSDAQ,naver_kosdaq,
014970.KQ,삼륭물산,KOSDAQ,naver_kosdaq,
201490.KQ,미투온,KOSDAQ,naver_kosdaq,
024740.KQ,한일단조,KOSDAQ,naver_kosdaq,
123010.KQ,알엔티엑스,KOSDAQ,naver_kosdaq,
067290.KQ,JW신약,KOSDAQ,naver_kosdaq,
011320.KQ,유니크,KOSDAQ,naver_kosdaq,
012700.KQ,리드코프,KOSDAQ,naver_kosdaq,
058400.KQ,KNN,KOSDAQ,naver_kosdaq,
019550.KQ,SBI인베스트먼트,KOSDAQ,naver_kosdaq,
320000.KQ,한울반도체,KOSDAQ,naver_kosdaq,
460940.KQ,피앤에스로보틱스,KOSDAQ,naver_kosdaq,
348150.KQ,고바이오랩,KOSDAQ,naver_kosdaq,
302430.KQ,이노메트리,KOSDAQ,naver_kosdaq,
067570.KQ,엔브이에이치코리아,KOSDAQ,naver_kosdaq,
020710.KQ,시공테크,KOSDAQ,naver_kosdaq,
026150.KQ,특수건설,KOSDAQ,naver_kosdaq,
373200.KQ,엑스플러스,KOSDAQ,naver_kosdaq,
340360.KQ,다보링크,KOSDAQ,naver_kosdaq,
307870.KQ,비투엔,KOSDAQ,naver_kosdaq,
900260.KQ,로스웰,KOSDAQ,naver_kosdaq,
273640.KQ,와이엠텍,KOSDAQ,naver_kosdaq,
096350.KQ,대창솔루션,KOSDAQ,naver_kosdaq,
299660.KQ,셀리드,KOSDAQ,naver_kosdaq,
317830.KQ,에스피시스템스,KOSDAQ,naver_kosdaq,
006140.KQ,피제이전자,KOSDAQ,naver_kosdaq,
900250.KQ,크리스탈신소재,KOSDAQ,naver_kosdaq,
171120.KQ,라이온켐텍,KOSDAQ,naver_kosdaq,
067170.KQ,오텍,KOSDAQ,naver_kosdaq,
032540.KQ,TJ미디어,KOSDAQ,naver_kosdaq,
208140.KQ,정다운,KOSDAQ,naver_kosdaq,
102370.KQ,케이옥션,KOSDAQ,naver_kosdaq,
478560.KQ,블랙야크아이앤씨,KOSDAQ,naver_kosdaq,
014470.KQ,부방,KOSDAQ,naver_kosdaq,
091120.KQ,이엠텍,KOSDAQ,naver_kosdaq,
187420.KQ,HLB제넥스,KOSDAQ,naver_kosdaq,
448710.KQ,코츠테크놀로지,KOSDAQ,naver_kosdaq,
033130.KQ,디지틀조선,KOSDAQ,naver_kosdaq,
053280.KQ,예스24,KOSDAQ,naver_kosdaq,
048430.KQ,유라테크,KOSDAQ,naver_kosdaq,
126880.KQ,제이엔케이글로벌,KOSDAQ,naver_kosdaq,
094860.KQ,네오리진,KOSDAQ,naver_kosdaq,
234920.KQ,자이글,KOSDAQ,naver_kosdaq,
263800.KQ,데이타솔루션,KOSDAQ,naver_kosdaq,
391710.KQ,코닉오토메이션,KOSDAQ,naver_kosdaq,
105740.KQ,디케이락,KOSDAQ,naver_kosdaq,
081180.KQ,쎄크,KOSDAQ,naver_kosdaq,
459100.KQ,위츠,KOSDAQ,naver_kosdaq,
347860.KQ,알체라,KOSDAQ,naver_kosdaq,
076610.KQ,해성옵틱스,KOSDAQ,naver_kosdaq,
241690.KQ,유니테크노,KOSDAQ,naver_kosdaq,
216050.KQ,인크로스,KOSDAQ,naver_kosdaq,
041910.KQ,폴라리스AI파마,KOSDAQ,naver_kosdaq,
128660.KQ,피제이메탈,KOSDAQ,naver_kosdaq,
168330.KQ,내츄럴엔도텍,KOSDAQ,naver_kosdaq,
002800.KQ,신신제약,KOSDAQ,naver_kosdaq,
067370.KQ,선바이오,KOSDAQ,naver_kosdaq,
056360.KQ,코위버,KOSDAQ,naver_kosdaq,
032850.KQ,비트컴퓨터,KOSDAQ,naver_kosdaq,
228670.KQ,레이,KOSDAQ,naver_kosdaq,
043710.KQ,코스리거글로벌,KOSDAQ,naver_kosdaq,
443250.KQ,레뷰코퍼레이션,KOSDAQ,naver_kosdaq,
038460.KQ,바이오스마트,KOSDAQ,naver_kosdaq,
111710.KQ,남화산업,KOSDAQ,naver_kosdaq,
045660.KQ,에이텍,KOSDAQ,naver_kosdaq,
060310.KQ,3S,KOSDAQ,naver_kosdaq,
463480.KQ,모티브링크,KOSDAQ,naver_kosdaq,
162300.KQ,신스틸,KOSDAQ,naver_kosdaq,
073640.KQ,테라사이언스,KOSDAQ,naver_kosdaq,
036000.KQ,예림당,KOSDAQ,naver_kosdaq,
081150.KQ,티플랙스,KOSDAQ,naver_kosdaq,
263600.KQ,덕우전자,KOSDAQ,naver_kosdaq,
039610.KQ,화성밸브,KOSDAQ,naver_kosdaq,
196490.KQ,디에이테크놀로지,KOSDAQ,naver_kosdaq,
204840.KQ,지엘팜텍,KOSDAQ,naver_kosdaq,
039020.KQ,이건홀딩스,KOSDAQ,naver_kosdaq,
082850.KQ,우리바이오,KOSDAQ,naver_kosdaq,
044340.KQ,위닉스,KOSDAQ,naver_kosdaq,
083790.KQ,CG인바이츠,KOSDAQ,naver_kosdaq,
060570.KQ,드림어스컴퍼니,KOSDAQ,naver_kosdaq,
109860.KQ,동일금속,KOSDAQ,naver_kosdaq,
007820.KQ,엠엑스로보틱스,KOSDAQ,naver_kosdaq,
153710.KQ,옵티팜,KOSDAQ,naver_kosdaq,
003310.KQ,대주산업,KOSDAQ,naver_kosdaq,
347000.KQ,센코,KOSDAQ,naver_kosdaq,
092300.KQ,현우산업,KOSDAQ,naver_kosdaq,
038680.KQ,에스넷,KOSDAQ,naver_kosdaq,
025550.KQ,한국선재,KOSDAQ,naver_kosdaq,
332370.KQ,아이디피,KOSDAQ,naver_kosdaq,
048770.KQ,TPC로보틱스,KOSDAQ,naver_kosdaq,
299170.KQ,더블유에스아이,KOSDAQ,naver_kosdaq,
049480.KQ,오픈베이스,KOSDAQ,naver_kosdaq,
064800.KQ,포니링크,KOSDAQ,naver_kosdaq,
315640.KQ,딥노이드,KOSDAQ,naver_kosdaq,
140070.KQ,서플러스글로벌,KOSDAQ,naver_kosdaq,
461030.KQ,아이엠비디엑스,KOSDAQ,naver_kosdaq,
198440.KQ,강동씨앤엘,KOSDAQ,naver_kosdaq,
080010.KQ,이상네트웍스,KOSDAQ,naver_kosdaq,
205470.KQ,휴마시스,KOSDAQ,naver_kosdaq,
137950.KQ,제이씨케미칼,KOSDAQ,naver_kosdaq,
251630.KQ,브이원텍,KOSDAQ,naver_kosdaq,
417790.KQ,트루엔,KOSDAQ,naver_kosdaq,
065530.KQ,와이어블,KOSDAQ,naver_kosdaq,
046210.KQ,HLB파나진,KOSDAQ,naver_kosdaq,
191420.KQ,테고사이언스,KOSDAQ,naver_kosdaq,
214260.KQ,라파스,KOSDAQ,naver_kosdaq,
041460.KQ,한국전자인증,KOSDAQ,naver_kosdaq,
061250.KQ,화일약품,KOSDAQ,naver_kosdaq,
123420.KQ,위메이드플레이,KOSDAQ,naver_kosdaq,
215360.KQ,우리산업,KOSDAQ,naver_kosdaq,
048910.KQ,대원미디어,KOSDAQ,naver_kosdaq,
222110.KQ,팬젠,KOSDAQ,naver_kosdaq,
012790.KQ,신일제약,KOSDAQ,naver_kosdaq,
061040.KQ,알에프텍,KOSDAQ,naver_kosdaq,
099220.KQ,SDN,KOSDAQ,naver_kosdaq,
033230.KQ,인성정보,KOSDAQ,naver_kosdaq,
311690.KQ,CJ 바이오사이언스,KOSDAQ,naver_kosdaq,
384470.KQ,코어라인소프트,KOSDAQ,naver_kosdaq,
010240.KQ,흥국,KOSDAQ,naver_kosdaq,
241790.KQ,티이엠씨씨엔에스,KOSDAQ,naver_kosdaq,
104620.KQ,노랑풍선,KOSDAQ,naver_kosdaq,
097800.KQ,윈팩,KOSDAQ,naver_kosdaq,
452400.KQ,이닉스,KOSDAQ,naver_kosdaq,
071670.KQ,에이테크솔루션,KOSDAQ,naver_kosdaq,
046940.KQ,우원개발,KOSDAQ,naver_kosdaq,
004780.KQ,대륙제관,KOSDAQ,naver_kosdaq,
094850.KQ,참좋은여행,KOSDAQ,naver_kosdaq,
246690.KQ,TS인베스트먼트,KOSDAQ,naver_kosdaq,
155650.KQ,와이엠씨,KOSDAQ,naver_kosdaq,
033320.KQ,제이씨현시스템,KOSDAQ,naver_kosdaq,
001840.KQ,이화공영,KOSDAQ,naver_kosdaq,
053450.KQ,세코닉스,KOSDAQ,naver_kosdaq,
005670.KQ,푸드웰,KOSDAQ,naver_kosdaq,
089850.KQ,유비벨록스,KOSDAQ,naver_kosdaq,
024910.KQ,경창산업,KOSDAQ,naver_kosdaq,
185490.KQ,아이진,KOSDAQ,naver_kosdaq,
039420.KQ,케이엘넷,KOSDAQ,naver_kosdaq,
033560.KQ,블루콤,KOSDAQ,naver_kosdaq,
027830.KQ,대성창투,KOSDAQ,naver_kosdaq,
134580.KQ,탑코미디어,KOSDAQ,naver_kosdaq,
317850.KQ,대모,KOSDAQ,naver_kosdaq,
043650.KQ,국순당,KOSDAQ,naver_kosdaq,
145170.KQ,노브랜드,KOSDAQ,naver_kosdaq,
136410.KQ,아셈스,KOSDAQ,naver_kosdaq,
091440.KQ,한울소재과학,KOSDAQ,naver_kosdaq,
088910.KQ,동우팜투테이블,KOSDAQ,naver_kosdaq,
217500.KQ,러셀,KOSDAQ,naver_kosdaq,
016250.KQ,SGC E&C,KOSDAQ,naver_kosdaq,
424980.KQ,마이크로투나노,KOSDAQ,naver_kosdaq,
049550.KQ,잉크테크,KOSDAQ,naver_kosdaq,
215790.KQ,이노인스트루먼트,KOSDAQ,naver_kosdaq,
088280.KQ,쏘닉스,KOSDAQ,naver_kosdaq,
333620.KQ,엔시스,KOSDAQ,naver_kosdaq,
095270.KQ,웨이브일렉트로,KOSDAQ,naver_kosdaq,
070300.KQ,엑스큐어,KOSDAQ,naver_kosdaq,
019990.KQ,에너토크,KOSDAQ,naver_kosdaq,
053050.KQ,지에스이,KOSDAQ,naver_kosdaq,
294140.KQ,레몬,KOSDAQ,naver_kosdaq,
094940.KQ,푸른로보틱스,KOSDAQ,naver_kosdaq,
198080.KQ,캐프,KOSDAQ,naver_kosdaq,
008370.KQ,원풍,KOSDAQ,naver_kosdaq,
109080.KQ,옵티시스,KOSDAQ,naver_kosdaq,
246960.KQ,SCL사이언스,KOSDAQ,naver_kosdaq,
073110.KQ,엘엠에스,KOSDAQ,naver_kosdaq,
036670.KQ,삼양케이씨아이,KOSDAQ,naver_kosdaq,
175140.KQ,휴먼테크놀로지,KOSDAQ,naver_kosdaq,
014950.KQ,삼익제약,KOSDAQ,naver_kosdaq,
036120.KQ,서울평가정보,KOSDAQ,naver_kosdaq,
027050.KQ,코리아나,KOSDAQ,naver_kosdaq,
263690.KQ,디알젬,KOSDAQ,naver_kosdaq,
214270.KQ,FSN,KOSDAQ,naver_kosdaq,
192250.KQ,케이사인,KOSDAQ,naver_kosdaq,
317690.KQ,퀀타매트릭스,KOSDAQ,naver_kosdaq,
039240.KQ,경남스틸,KOSDAQ,naver_kosdaq,
064240.KQ,홈캐스트,KOSDAQ,naver_kosdaq,
331380.KQ,포커스에이아이,KOSDAQ,naver_kosdaq,
432430.KQ,와이랩,KOSDAQ,naver_kosdaq,
042110.KQ,에스씨디,KOSDAQ,naver_kosdaq,
010470.KQ,오리콤,KOSDAQ,naver_kosdaq,
045340.KQ,토탈소프트,KOSDAQ,naver_kosdaq,
382150.KQ,온코크로스,KOSDAQ,naver_kosdaq,
053620.KQ,태양,KOSDAQ,naver_kosdaq,
163280.KQ,에어레인,KOSDAQ,naver_kosdaq,
347740.KQ,피엔케이피부임상연구센타,KOSDAQ,naver_kosdaq,
099520.KQ,DGI,KOSDAQ,naver_kosdaq,
222420.KQ,쎄노텍,KOSDAQ,naver_kosdaq,
054930.KQ,유신,KOSDAQ,naver_kosdaq,
065440.KQ,이루온,KOSDAQ,naver_kosdaq,
007370.KQ,진양제약,KOSDAQ,naver_kosdaq,
100030.KQ,인지소프트,KOSDAQ,naver_kosdaq,
067920.KQ,이글루,KOSDAQ,naver_kosdaq,
260930.KQ,씨티케이,KOSDAQ,naver_kosdaq,
452200.KQ,민테크,KOSDAQ,naver_kosdaq,
016600.KQ,큐캐피탈,KOSDAQ,naver_kosdaq,
273060.KQ,와이즈버즈,KOSDAQ,naver_kosdaq,
460470.KQ,아이빔테크놀로지,KOSDAQ,naver_kosdaq,
033310.KQ,엠투엔,KOSDAQ,naver_kosdaq,
446840.KQ,지슨,KOSDAQ,naver_kosdaq,
340930.KQ,유일에너테크,KOSDAQ,naver_kosdaq,
417860.KQ,오브젠,KOSDAQ,naver_kosdaq,
479960.KQ,위너스일렉,KOSDAQ,naver_kosdaq,
199550.KQ,레이저옵텍,KOSDAQ,naver_kosdaq,
352910.KQ,오비고,KOSDAQ,naver_kosdaq,
053350.KQ,이니텍,KOSDAQ,naver_kosdaq,
053270.KQ,구영테크,KOSDAQ,naver_kosdaq,
217480.KQ,에스디생명공학,KOSDAQ,naver_kosdaq,
318160.KQ,셀바이오휴먼텍,KOSDAQ,naver_kosdaq,
036090.KQ,위지트,KOSDAQ,naver_kosdaq,
256630.KQ,포인트엔지니어링,KOSDAQ,naver_kosdaq,
271830.KQ,팸텍,KOSDAQ,naver_kosdaq,
040610.KQ,SG&G,KOSDAQ,naver_kosdaq,
038010.KQ,제일테크노스,KOSDAQ,naver_kosdaq,
950220.KQ,네오이뮨텍,KOSDAQ,naver_kosdaq,
303360.KQ,프로티아,KOSDAQ,naver_kosdaq,
170790.KQ,파이오링크,KOSDAQ,naver_kosdaq,
065130.KQ,탑엔지니어링,KOSDAQ,naver_kosdaq,
348080.KQ,큐라티스,KOSDAQ,naver_kosdaq,
099410.KQ,동방선기,KOSDAQ,naver_kosdaq,
050960.KQ,수산아이앤티,KOSDAQ,naver_kosdaq,
072990.KQ,에이치시티,KOSDAQ,naver_kosdaq,
104540.KQ,코렌텍,KOSDAQ,naver_kosdaq,
072470.KQ,우리산업홀딩스,KOSDAQ,naver_kosdaq,
053980.KQ,오상자이엘,KOSDAQ,naver_kosdaq,
015710.KQ,코콤,KOSDAQ,naver_kosdaq,
060560.KQ,HC홈센타,KOSDAQ,naver_kosdaq,
950200.KQ,소마젠,KOSDAQ,naver_kosdaq,
471820.KQ,셀로맥스사이언스,KOSDAQ,naver_kosdaq,
063440.KQ,SM Life Design,KOSDAQ,naver_kosdaq,
089790.KQ,제이티,KOSDAQ,naver_kosdaq,
299900.KQ,위지윅스튜디오,KOSDAQ,naver_kosdaq,
159580.KQ,제로투세븐,KOSDAQ,naver_kosdaq,
219550.KQ,디와이디,KOSDAQ,naver_kosdaq,
290670.KQ,대보마그네틱,KOSDAQ,naver_kosdaq,
321820.KQ,아티스트컴퍼니,KOSDAQ,naver_kosdaq,
291650.KQ,압타머사이언스,KOSDAQ,naver_kosdaq,
014190.KQ,원익큐브,KOSDAQ,naver_kosdaq,
360350.KQ,코셈,KOSDAQ,naver_kosdaq,
378800.KQ,샤페론,KOSDAQ,naver_kosdaq,
096610.KQ,알에프세미,KOSDAQ,naver_kosdaq,
082210.KQ,옵트론텍,KOSDAQ,naver_kosdaq,
278650.KQ,HLB바이오스텝,KOSDAQ,naver_kosdaq,
219420.KQ,링크제니시스,KOSDAQ,naver_kosdaq,
007680.KQ,대원,KOSDAQ,naver_kosdaq,
317530.KQ,에피소드컴퍼니,KOSDAQ,naver_kosdaq,
104040.KQ,디에스엠,KOSDAQ,naver_kosdaq,
435570.KQ,에르코스,KOSDAQ,naver_kosdaq,
122310.KQ,제노레이,KOSDAQ,naver_kosdaq,
051390.KQ,YW,KOSDAQ,naver_kosdaq,
177900.KQ,쓰리에이로직스,KOSDAQ,naver_kosdaq,
373160.KQ,데이원컴퍼니,KOSDAQ,naver_kosdaq,
440290.KQ,HB인베스트먼트,KOSDAQ,naver_kosdaq,
052220.KQ,iMBC,KOSDAQ,naver_kosdaq,
393970.KQ,대진첨단소재,KOSDAQ,naver_kosdaq,
361570.KQ,알비더블유,KOSDAQ,naver_kosdaq,
460870.KQ,에스엠씨지,KOSDAQ,naver_kosdaq,
207760.KQ,미스터블루,KOSDAQ,naver_kosdaq,
068330.KQ,일신바이오,KOSDAQ,naver_kosdaq,
066670.KQ,디티씨,KOSDAQ,naver_kosdaq,
033170.KQ,시그네틱스,KOSDAQ,naver_kosdaq,
065170.KQ,비엘팜텍,KOSDAQ,naver_kosdaq,
037330.KQ,인지디스플레,KOSDAQ,naver_kosdaq,
094970.KQ,제이엠티,KOSDAQ,naver_kosdaq,
042940.KQ,상지건설,KOSDAQ,naver_kosdaq,
054300.KQ,팬스타엔터프라이즈,KOSDAQ,naver_kosdaq,
261520.KQ,이지스,KOSDAQ,naver_kosdaq,
104200.KQ,NHN벅스,KOSDAQ,naver_kosdaq,
288620.KQ,에스프리즘,KOSDAQ,naver_kosdaq,
065500.KQ,오리엔트정공,KOSDAQ,naver_kosdaq,
408900.KQ,스튜디오미르,KOSDAQ,naver_kosdaq,
277070.KQ,린드먼아시아,KOSDAQ,naver_kosdaq,
189980.KQ,흥국에프엔비,KOSDAQ,naver_kosdaq,
143540.KQ,영우디에스피,KOSDAQ,naver_kosdaq,
095910.KQ,에스에너지,KOSDAQ,naver_kosdaq,
286750.KQ,나노실리칸첨단소재,KOSDAQ,naver_kosdaq,
189690.KQ,포시에스,KOSDAQ,naver_kosdaq,
137080.KQ,나래나노텍,KOSDAQ,naver_kosdaq,
053160.KQ,프리엠스,KOSDAQ,naver_kosdaq,
413640.KQ,비아이매트릭스,KOSDAQ,naver_kosdaq,
314140.KQ,알피바이오,KOSDAQ,naver_kosdaq,
082660.KQ,코스나인,KOSDAQ,naver_kosdaq,
229000.KQ,젠큐릭스,KOSDAQ,naver_kosdaq,
317870.KQ,엔바이오니아,KOSDAQ,naver_kosdaq,
418250.KQ,시큐레터,KOSDAQ,naver_kosdaq,
038070.KQ,서린바이오,KOSDAQ,naver_kosdaq,
190650.KQ,코리아에셋투자증권,KOSDAQ,naver_kosdaq,
393210.KQ,토마토시스템,KOSDAQ,naver_kosdaq,
189860.KQ,서전기전,KOSDAQ,naver_kosdaq,
226330.KQ,신테카바이오,KOSDAQ,naver_kosdaq,
052790.KQ,액토즈소프트,KOSDAQ,naver_kosdaq,
023440.KQ,제이스코홀딩스,KOSDAQ,naver_kosdaq,
037230.KQ,한국팩키지,KOSDAQ,naver_kosdaq,
466410.KQ,사이냅소프트,KOSDAQ,naver_kosdaq,
024950.KQ,삼천리자전거,KOSDAQ,naver_kosdaq,
305090.KQ,마이크로디지탈,KOSDAQ,naver_kosdaq,
127980.KQ,화인써키트,KOSDAQ,naver_kosdaq,
007530.KQ,와이엠,KOSDAQ,naver_kosdaq,
171010.KQ,램테크놀러지,KOSDAQ,naver_kosdaq,
365590.KQ,하이딥,KOSDAQ,naver_kosdaq,
238120.KQ,얼라인드,KOSDAQ,naver_kosdaq,
060850.KQ,영림원소프트랩,KOSDAQ,naver_kosdaq,
173940.KQ,에프엔씨엔터,KOSDAQ,naver_kosdaq,
355390.KQ,크라우드웍스,KOSDAQ,naver_kosdaq,
037950.KQ,엘컴텍,KOSDAQ,naver_kosdaq,
056700.KQ,신화인터텍,KOSDAQ,naver_kosdaq,
179530.KQ,애드바이오텍,KOSDAQ,naver_kosdaq,
459550.KQ,알트,KOSDAQ,naver_kosdaq,
196450.KQ,코아시아씨엠,KOSDAQ,naver_kosdaq,
419080.KQ,엔젯,KOSDAQ,naver_kosdaq,
232830.KQ,아이티센피엔에스,KOSDAQ,naver_kosdaq,
066130.KQ,하츠,KOSDAQ,naver_kosdaq,
351330.KQ,이삭엔지니어링,KOSDAQ,naver_kosdaq,
038060.KQ,루멘스,KOSDAQ,naver_kosdaq,
196300.KQ,HLB펩,KOSDAQ,naver_kosdaq,
307280.KQ,원바이오젠,KOSDAQ,naver_kosdaq,
444530.KQ,심플랫폼,KOSDAQ,naver_kosdaq,
376930.KQ,노을,KOSDAQ,naver_kosdaq,
465480.KQ,인스피언,KOSDAQ,naver_kosdaq,
129890.KQ,앱코,KOSDAQ,naver_kosdaq,
288330.KQ,파라택시스코리아,KOSDAQ,naver_kosdaq,
006920.KQ,모헨즈,KOSDAQ,naver_kosdaq,
153460.KQ,네이블,KOSDAQ,naver_kosdaq,
097870.KQ,효성오앤비,KOSDAQ,naver_kosdaq,
234100.KQ,폴라리스세원,KOSDAQ,naver_kosdaq,
476080.KQ,M83,KOSDAQ,naver_kosdaq,
105760.KQ,포스뱅크,KOSDAQ,naver_kosdaq,
263020.KQ,디케이앤디,KOSDAQ,naver_kosdaq,
227950.KQ,엔투텍,KOSDAQ,naver_kosdaq,
090410.KQ,덕신이피씨,KOSDAQ,naver_kosdaq,
052460.KQ,아이크래프트,KOSDAQ,naver_kosdaq,
100660.KQ,서암기계공업,KOSDAQ,naver_kosdaq,
025880.KQ,케이씨피드,KOSDAQ,naver_kosdaq,
420570.KQ,제이투케이바이오,KOSDAQ,naver_kosdaq,
057540.KQ,옴니시스템,KOSDAQ,naver_kosdaq,
419120.KQ,산돌,KOSDAQ,naver_kosdaq,
002290.KQ,삼일기업공사,KOSDAQ,naver_kosdaq,
049830.KQ,승일,KOSDAQ,naver_kosdaq,
122690.KQ,서진오토모티브,KOSDAQ,naver_kosdaq,
376290.KQ,씨유테크,KOSDAQ,naver_kosdaq,
458350.KQ,에스팀,KOSDAQ,naver_kosdaq,
140520.KQ,대창스틸,KOSDAQ,naver_kosdaq,
215380.KQ,우정바이오,KOSDAQ,naver_kosdaq,
105550.KQ,엣지파운드리,KOSDAQ,naver_kosdaq,
114450.KQ,그린생명과학,KOSDAQ,naver_kosdaq,
450330.KQ,하스,KOSDAQ,naver_kosdaq,
355690.KQ,에이텀,KOSDAQ,naver_kosdaq,
150900.KQ,파수AI,KOSDAQ,naver_kosdaq,
250000.KQ,보라티알,KOSDAQ,naver_kosdaq,
091590.KQ,남화토건,KOSDAQ,naver_kosdaq,
178780.KQ,일월지엠엘,KOSDAQ,naver_kosdaq,
261200.KQ,덴티스,KOSDAQ,naver_kosdaq,
263810.KQ,상신전자,KOSDAQ,naver_kosdaq,
224110.KQ,에이텍모빌리티,KOSDAQ,naver_kosdaq,
184230.KQ,SGA솔루션즈,KOSDAQ,naver_kosdaq,
033540.KQ,파라텍,KOSDAQ,naver_kosdaq,
452160.KQ,제이엔비,KOSDAQ,naver_kosdaq,
263770.KQ,유에스티,KOSDAQ,naver_kosdaq,
051490.KQ,나라엠앤디,KOSDAQ,naver_kosdaq,
050860.KQ,아세아텍,KOSDAQ,naver_kosdaq,
452300.KQ,캡스톤파트너스,KOSDAQ,naver_kosdaq,
221980.KQ,케이디켐,KOSDAQ,naver_kosdaq,
297570.KQ,알로이스,KOSDAQ,naver_kosdaq,
072770.KQ,멤레이비티,KOSDAQ,naver_kosdaq,
290120.KQ,DH오토리드,KOSDAQ,naver_kosdaq,
237820.KQ,플레이디,KOSDAQ,naver_kosdaq,
066900.KQ,디에이피,KOSDAQ,naver_kosdaq,
032960.KQ,동일기연,KOSDAQ,naver_kosdaq,
239890.KQ,피엔에이치테크,KOSDAQ,naver_kosdaq,
035460.KQ,기산텔레콤,KOSDAQ,naver_kosdaq,
127710.KQ,아시아경제,KOSDAQ,naver_kosdaq,
352700.KQ,씨앤투스,KOSDAQ,naver_kosdaq,
220180.KQ,핸디소프트,KOSDAQ,naver_kosdaq,
256150.KQ,한독크린텍,KOSDAQ,naver_kosdaq,
033830.KQ,티비씨,KOSDAQ,naver_kosdaq,
064090.KQ,인크레더블버즈,KOSDAQ,naver_kosdaq,
089140.KQ,넥스턴앤롤코리아,KOSDAQ,naver_kosdaq,
218150.KQ,미래생명자원,KOSDAQ,naver_kosdaq,
215090.KQ,솔디펜스,KOSDAQ,naver_kosdaq,
260660.KQ,알리코제약,KOSDAQ,naver_kosdaq,
221840.KQ,하이즈항공,KOSDAQ,naver_kosdaq,
069410.KQ,엔텔스,KOSDAQ,naver_kosdaq,
128540.KQ,에코캡,KOSDAQ,naver_kosdaq,
123570.KQ,이엠넷,KOSDAQ,naver_kosdaq,
332290.KQ,누보,KOSDAQ,naver_kosdaq,
043340.KQ,에쎈테크,KOSDAQ,naver_kosdaq,
020180.KQ,대신정보통신,KOSDAQ,naver_kosdaq,
204020.KQ,그리티,KOSDAQ,naver_kosdaq,
044960.KQ,이글벳,KOSDAQ,naver_kosdaq,
311390.KQ,네오크레마,KOSDAQ,naver_kosdaq,
122350.KQ,삼기,KOSDAQ,naver_kosdaq,
335810.KQ,프리시젼바이오,KOSDAQ,naver_kosdaq,
083550.KQ,케이엠,KOSDAQ,naver_kosdaq,
198940.KQ,한주라이트메탈,KOSDAQ,naver_kosdaq,
206560.KQ,덱스터,KOSDAQ,naver_kosdaq,
019770.KQ,서연탑메탈,KOSDAQ,naver_kosdaq,
289220.KQ,자이언트스텝,KOSDAQ,naver_kosdaq,
049470.KQ,비트플래닛,KOSDAQ,naver_kosdaq,
200780.KQ,비씨월드제약,KOSDAQ,naver_kosdaq,
101240.KQ,씨큐브,KOSDAQ,naver_kosdaq,
096630.KQ,에스코넥,KOSDAQ,naver_kosdaq,
087600.KQ,픽셀플러스,KOSDAQ,naver_kosdaq,
263700.KQ,케어랩스,KOSDAQ,naver_kosdaq,
086040.KQ,바이오톡스텍,KOSDAQ,naver_kosdaq,
469750.KQ,아이비젼웍스,KOSDAQ,naver_kosdaq,
088340.KQ,유라클,KOSDAQ,naver_kosdaq,
148250.KQ,알엔투테크놀로지,KOSDAQ,naver_kosdaq,
258610.KQ,케일럼,KOSDAQ,naver_kosdaq,
206400.KQ,베노티앤알,KOSDAQ,naver_kosdaq,
014570.KQ,고려제약,KOSDAQ,naver_kosdaq,
064480.KQ,브리지텍,KOSDAQ,naver_kosdaq,
219750.KQ,한국비티비,KOSDAQ,naver_kosdaq,
066360.KQ,체리부로,KOSDAQ,naver_kosdaq,
089150.KQ,케이씨티,KOSDAQ,naver_kosdaq,
081580.KQ,성우전자,KOSDAQ,naver_kosdaq,
290090.KQ,트윔,KOSDAQ,naver_kosdaq,
022220.KQ,티케이지애강,KOSDAQ,naver_kosdaq,
340810.KQ,시선AI,KOSDAQ,naver_kosdaq,
050120.KQ,ES큐브,KOSDAQ,naver_kosdaq,
032790.KQ,엠젠솔루션,KOSDAQ,naver_kosdaq,
024120.KQ,KB오토시스,KOSDAQ,naver_kosdaq,
186230.KQ,그린플러스,KOSDAQ,naver_kosdaq,
364950.KQ,에이아이코리아,KOSDAQ,naver_kosdaq,
046310.KQ,백금T&A,KOSDAQ,naver_kosdaq,
475460.KQ,미트박스,KOSDAQ,naver_kosdaq,
388610.KQ,지에프씨생명과학,KOSDAQ,naver_kosdaq,
047080.KQ,한빛소프트,KOSDAQ,naver_kosdaq,
057030.KQ,YBM넷,KOSDAQ,naver_kosdaq,
064520.KQ,테크엘,KOSDAQ,naver_kosdaq,
284620.KQ,카이노스메드,KOSDAQ,naver_kosdaq,
464280.KQ,티디에스팜,KOSDAQ,naver_kosdaq,
052600.KQ,한네트,KOSDAQ,naver_kosdaq,
407400.KQ,꿈비,KOSDAQ,naver_kosdaq,
103840.KQ,우양,KOSDAQ,naver_kosdaq,
203450.KQ,유니온바이오메트릭스,KOSDAQ,naver_kosdaq,
071850.KQ,캐스텍코리아,KOSDAQ,naver_kosdaq,
068940.KQ,셀피글로벌,KOSDAQ,naver_kosdaq,
119500.KQ,포메탈,KOSDAQ,naver_kosdaq,
153490.KQ,우리이앤엘하루틴,KOSDAQ,naver_kosdaq,
340440.KQ,세림B&G,KOSDAQ,naver_kosdaq,
025440.KQ,DH오토웨어,KOSDAQ,naver_kosdaq,
079000.KQ,와토스코리아,KOSDAQ,naver_kosdaq,
160550.KQ,NEW,KOSDAQ,naver_kosdaq,
900300.KQ,오가닉티코스메틱,KOSDAQ,naver_kosdaq,
429270.KQ,시지트로닉스,KOSDAQ,naver_kosdaq,
263050.KQ,유틸렉스,KOSDAQ,naver_kosdaq,
050110.KQ,캠시스,KOSDAQ,naver_kosdaq,
133750.KQ,메가엠디,KOSDAQ,naver_kosdaq,
199480.KQ,뱅크웨어글로벌,KOSDAQ,naver_kosdaq,
187270.KQ,신화콘텍,KOSDAQ,naver_kosdaq,
270870.KQ,뉴트리,KOSDAQ,naver_kosdaq,
318410.KQ,비비씨,KOSDAQ,naver_kosdaq,
403490.KQ,우듬지팜,KOSDAQ,naver_kosdaq,
387570.KQ,파인메딕스,KOSDAQ,naver_kosdaq,
043910.KQ,자연과환경,KOSDAQ,naver_kosdaq,
059100.KQ,아이컴포넌트,KOSDAQ,naver_kosdaq,
045060.KQ,오공,KOSDAQ,naver_kosdaq,
276730.KQ,한울앤제주,KOSDAQ,naver_kosdaq,
383930.KQ,디티앤씨알오,KOSDAQ,naver_kosdaq,
080520.KQ,오디텍,KOSDAQ,naver_kosdaq,
208860.KQ,다산디엠씨,KOSDAQ,naver_kosdaq,
228340.KQ,동양파일,KOSDAQ,naver_kosdaq,
376180.KQ,피코그램,KOSDAQ,naver_kosdaq,
021650.KQ,한국큐빅,KOSDAQ,naver_kosdaq,
079650.KQ,서산,KOSDAQ,naver_kosdaq,
434480.KQ,모니터랩,KOSDAQ,naver_kosdaq,
066910.KQ,손오공,KOSDAQ,naver_kosdaq,
001000.KQ,신라섬유,KOSDAQ,naver_kosdaq,
097780.KQ,에코볼트,KOSDAQ,naver_kosdaq,
373170.KQ,엠아이큐브솔루션,KOSDAQ,naver_kosdaq,
430690.KQ,한싹,KOSDAQ,naver_kosdaq,
026040.KQ,제이에스티나,KOSDAQ,naver_kosdaq,
086060.KQ,진바이오텍,KOSDAQ,naver_kosdaq,
075970.KQ,동국알앤에스,KOSDAQ,naver_kosdaq,
109820.KQ,진매트릭스,KOSDAQ,naver_kosdaq,
060540.KQ,에스에이티,KOSDAQ,naver_kosdaq,
351320.KQ,넥사다이내믹스,KOSDAQ,naver_kosdaq,
031310.KQ,아이즈비전,KOSDAQ,naver_kosdaq,
464500.KQ,아이언디바이스,KOSDAQ,naver_kosdaq,
450520.KQ,인스웨이브,KOSDAQ,naver_kosdaq,
075130.KQ,플랜티넷,KOSDAQ,naver_kosdaq,
032860.KQ,더라미,KOSDAQ,naver_kosdaq,
262840.KQ,아이퀘스트,KOSDAQ,naver_kosdaq,
464580.KQ,닷밀,KOSDAQ,naver_kosdaq,
031510.KQ,오스템,KOSDAQ,naver_kosdaq,
208710.KQ,포톤,KOSDAQ,naver_kosdaq,
288980.KQ,모아데이타,KOSDAQ,naver_kosdaq,
058110.KQ,멕아이씨에스,KOSDAQ,naver_kosdaq,
363260.KQ,모비데이즈,KOSDAQ,naver_kosdaq,
277410.KQ,인산가,KOSDAQ,naver_kosdaq,
363250.KQ,진시스템,KOSDAQ,naver_kosdaq,
336060.KQ,웨이버스,KOSDAQ,naver_kosdaq,
054780.KQ,키이스트,KOSDAQ,naver_kosdaq,
012620.KQ,원일특강,KOSDAQ,naver_kosdaq,
057680.KQ,티사이언티픽,KOSDAQ,naver_kosdaq,
169330.KQ,엠브레인,KOSDAQ,naver_kosdaq,
359090.KQ,씨엔알리서치,KOSDAQ,naver_kosdaq,
044480.KQ,빌리언스,KOSDAQ,naver_kosdaq,
013720.KQ,THE CUBE&,KOSDAQ,naver_kosdaq,
043200.KQ,파루,KOSDAQ,naver_kosdaq,
195500.KQ,마니커에프앤지,KOSDAQ,naver_kosdaq,
200350.KQ,아티스트스튜디오,KOSDAQ,naver_kosdaq,
019570.KQ,플루토스,KOSDAQ,naver_kosdaq,
318020.KQ,포인트모바일,KOSDAQ,naver_kosdaq,
099390.KQ,브레인즈컴퍼니,KOSDAQ,naver_kosdaq,
258830.KQ,세종메디칼,KOSDAQ,naver_kosdaq,
263920.KQ,휴엠앤씨,KOSDAQ,naver_kosdaq,
053950.KQ,경남제약,KOSDAQ,naver_kosdaq,
045300.KQ,성우테크론,KOSDAQ,naver_kosdaq,
296640.KQ,이노에이엑스,KOSDAQ,naver_kosdaq,
356890.KQ,싸이버원,KOSDAQ,naver_kosdaq,
475660.KQ,에스켐,KOSDAQ,naver_kosdaq,
065950.KQ,웰크론,KOSDAQ,naver_kosdaq,
068050.KQ,팬엔터테인먼트,KOSDAQ,naver_kosdaq,
254120.KQ,자비스,KOSDAQ,naver_kosdaq,
195990.KQ,에이비프로바이오,KOSDAQ,naver_kosdaq,
187220.KQ,디티앤씨,KOSDAQ,naver_kosdaq,
438700.KQ,버넥트,KOSDAQ,naver_kosdaq,
114630.KQ,폴라리스우노,KOSDAQ,naver_kosdaq,
038950.KQ,파인디지털,KOSDAQ,naver_kosdaq,
290520.KQ,신도기연,KOSDAQ,naver_kosdaq,
073540.KQ,에프알텍,KOSDAQ,naver_kosdaq,
406820.KQ,뷰티스킨,KOSDAQ,naver_kosdaq,
239610.KQ,에이치엘사이언스,KOSDAQ,naver_kosdaq,
246250.KQ,에스엘에스바이오,KOSDAQ,naver_kosdaq,
457600.KQ,벡트,KOSDAQ,naver_kosdaq,
900070.KQ,글로벌에스엠,KOSDAQ,naver_kosdaq,
106240.KQ,파인테크닉스,KOSDAQ,naver_kosdaq,
131090.KQ,시큐브,KOSDAQ,naver_kosdaq,
007720.KQ,소노스퀘어,KOSDAQ,naver_kosdaq,
130500.KQ,GH신소재,KOSDAQ,naver_kosdaq,
027040.KQ,서울전자통신,KOSDAQ,naver_kosdaq,
039740.KQ,한국정보공학,KOSDAQ,naver_kosdaq,
257370.KQ,피엔티엠에스,KOSDAQ,naver_kosdaq,
037370.KQ,EG,KOSDAQ,naver_kosdaq,
440320.KQ,오픈놀,KOSDAQ,naver_kosdaq,
241840.KQ,에이스토리,KOSDAQ,naver_kosdaq,
035200.KQ,프럼파스트,KOSDAQ,naver_kosdaq,
048470.KQ,대동스틸,KOSDAQ,naver_kosdaq,
318000.KQ,KBG,KOSDAQ,naver_kosdaq,
351870.KQ,차이커뮤니케이션,KOSDAQ,naver_kosdaq,
177830.KQ,파버나인,KOSDAQ,naver_kosdaq,
462310.KQ,뉴키즈온,KOSDAQ,naver_kosdaq,
148930.KQ,에이치와이티씨,KOSDAQ,naver_kosdaq,
038620.KQ,위즈코프,KOSDAQ,naver_kosdaq,
238490.KQ,힘스,KOSDAQ,naver_kosdaq,
021880.KQ,메이슨캐피탈,KOSDAQ,naver_kosdaq,
252500.KQ,세화피앤씨,KOSDAQ,naver_kosdaq,
033200.KQ,모아텍,KOSDAQ,naver_kosdaq,
078590.KQ,휴림에이텍,KOSDAQ,naver_kosdaq,
131220.KQ,대한과학,KOSDAQ,naver_kosdaq,
142760.KQ,모아라이프플러스,KOSDAQ,naver_kosdaq,
017000.KQ,신원종합개발,KOSDAQ,naver_kosdaq,
300120.KQ,라온피플,KOSDAQ,naver_kosdaq,
013810.KQ,스페코,KOSDAQ,naver_kosdaq,
131100.KQ,티엔엔터테인먼트,KOSDAQ,naver_kosdaq,
038870.KQ,에코심플렉스,KOSDAQ,naver_kosdaq,
079170.KQ,한창산업,KOSDAQ,naver_kosdaq,
398120.KQ,에스지헬스케어,KOSDAQ,naver_kosdaq,
318010.KQ,팜스빌,KOSDAQ,naver_kosdaq,
065370.KQ,위세아이텍,KOSDAQ,naver_kosdaq,
225220.KQ,제놀루션,KOSDAQ,naver_kosdaq,
462510.KQ,라메디텍,KOSDAQ,naver_kosdaq,
033050.KQ,제이엠아이,KOSDAQ,naver_kosdaq,
016670.KQ,디모아,KOSDAQ,naver_kosdaq,
115160.KQ,휴맥스,KOSDAQ,naver_kosdaq,
008470.KQ,부스타,KOSDAQ,naver_kosdaq,
068100.KQ,케이웨더,KOSDAQ,naver_kosdaq,
043220.KQ,티에스넥스젠,KOSDAQ,naver_kosdaq,
462980.KQ,아이지넷,KOSDAQ,naver_kosdaq,
397810.KQ,애드포러스,KOSDAQ,naver_kosdaq,
080530.KQ,코디,KOSDAQ,naver_kosdaq,
317240.KQ,TS트릴리온,KOSDAQ,naver_kosdaq,
342870.KQ,오아,KOSDAQ,naver_kosdaq,
290270.KQ,휴네시온,KOSDAQ,naver_kosdaq,
045510.KQ,정원엔시스,KOSDAQ,naver_kosdaq,
274400.KQ,이노시뮬레이션,KOSDAQ,naver_kosdaq,
237750.KQ,피앤씨테크,KOSDAQ,naver_kosdaq,
405920.KQ,나라셀라,KOSDAQ,naver_kosdaq,
056730.KQ,CNT85,KOSDAQ,naver_kosdaq,
019660.KQ,글로본,KOSDAQ,naver_kosdaq,
091340.KQ,S&K폴리텍,KOSDAQ,naver_kosdaq,
455180.KQ,케이지에이,KOSDAQ,naver_kosdaq,
900110.KQ,딥커머스,KOSDAQ,naver_kosdaq,
347770.KQ,핌스,KOSDAQ,naver_kosdaq,
032750.KQ,삼진,KOSDAQ,naver_kosdaq,
115610.KQ,이미지스,KOSDAQ,naver_kosdaq,
333050.KQ,이노테나,KOSDAQ,naver_kosdaq,
001810.KQ,무림SP,KOSDAQ,naver_kosdaq,
039290.KQ,인포뱅크,KOSDAQ,naver_kosdaq,
018680.KQ,서울제약,KOSDAQ,naver_kosdaq,
053290.KQ,NE능률,KOSDAQ,naver_kosdaq,
353590.KQ,오토앤,KOSDAQ,naver_kosdaq,
063760.KQ,이엘피,KOSDAQ,naver_kosdaq,
101400.KQ,엔시트론,KOSDAQ,naver_kosdaq,
200230.KQ,텔콘RF제약,KOSDAQ,naver_kosdaq,
121890.KQ,에스디시스템,KOSDAQ,naver_kosdaq,
046390.KQ,삼화네트웍스,KOSDAQ,naver_kosdaq,
348030.KQ,모비릭스,KOSDAQ,naver_kosdaq,
317120.KQ,라닉스,KOSDAQ,naver_kosdaq,
090150.KQ,아이윈,KOSDAQ,naver_kosdaq,
007770.KQ,한일화학,KOSDAQ,naver_kosdaq,
069140.KQ,누리플랜,KOSDAQ,naver_kosdaq,
223310.KQ,사토시홀딩스,KOSDAQ,naver_kosdaq,
052300.KQ,오션인더블유,KOSDAQ,naver_kosdaq,
298060.KQ,풍전약품,KOSDAQ,naver_kosdaq,
038880.KQ,아이에이,KOSDAQ,naver_kosdaq,
373110.KQ,엑셀세라퓨틱스,KOSDAQ,naver_kosdaq,
188040.KQ,바이오포트,KOSDAQ,naver_kosdaq,
130740.KQ,티피씨글로벌,KOSDAQ,naver_kosdaq,
310870.KQ,디와이씨,KOSDAQ,naver_kosdaq,
267790.KQ,배럴,KOSDAQ,naver_kosdaq,
016100.KQ,리더스코스메틱,KOSDAQ,naver_kosdaq,
367000.KQ,플래티어,KOSDAQ,naver_kosdaq,
138070.KQ,신진에스엠,KOSDAQ,naver_kosdaq,
083660.KQ,CSA 코스믹,KOSDAQ,naver_kosdaq,
093380.KQ,풍강,KOSDAQ,naver_kosdaq,
049120.KQ,파인디앤씨,KOSDAQ,naver_kosdaq,
060380.KQ,동양에스텍,KOSDAQ,naver_kosdaq,
051380.KQ,피씨디렉트,KOSDAQ,naver_kosdaq,
131180.KQ,딜리,KOSDAQ,naver_kosdaq,
432980.KQ,엠에프씨,KOSDAQ,naver_kosdaq,
304840.KQ,피플바이오,KOSDAQ,naver_kosdaq,
032080.KQ,아즈텍WB,KOSDAQ,naver_kosdaq,
291230.KQ,엔피,KOSDAQ,naver_kosdaq,
065060.KQ,지엔코,KOSDAQ,naver_kosdaq,
290560.KQ,파라택시스이더리움,KOSDAQ,naver_kosdaq,
140430.KQ,카티스,KOSDAQ,naver_kosdaq,
036480.KQ,대성미생물,KOSDAQ,naver_kosdaq,
900310.KQ,컬러레이,KOSDAQ,naver_kosdaq,
053060.KQ,세동,KOSDAQ,naver_kosdaq,
073570.KQ,리튬포어스,KOSDAQ,naver_kosdaq,
051780.KQ,큐로홀딩스,KOSDAQ,naver_kosdaq,
006050.KQ,국영지앤엠,KOSDAQ,naver_kosdaq,
335870.KQ,윙스풋,KOSDAQ,naver_kosdaq,
424760.KQ,벨로크,KOSDAQ,naver_kosdaq,
377330.KQ,이지트로닉스,KOSDAQ,naver_kosdaq,
376980.KQ,원티드랩,KOSDAQ,naver_kosdaq,
197140.KQ,디지캡,KOSDAQ,naver_kosdaq,
353190.KQ,휴럼,KOSDAQ,naver_kosdaq,
303530.KQ,이노뎁,KOSDAQ,naver_kosdaq,
054090.KQ,삼진엘앤디,KOSDAQ,naver_kosdaq,
058450.KQ,한주에이알티,KOSDAQ,naver_kosdaq,
208350.KQ,지란지교시큐리티,KOSDAQ,naver_kosdaq,
024940.KQ,PN풍년,KOSDAQ,naver_kosdaq,
026910.KQ,광진실업,KOSDAQ,naver_kosdaq,
065650.KQ,하이퍼코퍼레이션,KOSDAQ,naver_kosdaq,
139670.KQ,키네마스터,KOSDAQ,naver_kosdaq,
115480.KQ,씨유메디칼,KOSDAQ,naver_kosdaq,
065150.KQ,대산F&B,KOSDAQ,naver_kosdaq,
032800.KQ,판타지오,KOSDAQ,naver_kosdaq,
134060.KQ,이퓨쳐,KOSDAQ,naver_kosdaq,
354200.KQ,엔젠바이오,KOSDAQ,naver_kosdaq,
123750.KQ,알톤,KOSDAQ,naver_kosdaq,
091970.KQ,나노캠텍,KOSDAQ,naver_kosdaq,
023770.KQ,플레이위드,KOSDAQ,naver_kosdaq,
016920.KQ,카스,KOSDAQ,naver_kosdaq,
021040.KQ,대호특수강,KOSDAQ,naver_kosdaq,
328380.KQ,솔트웨어,KOSDAQ,naver_kosdaq,
377220.KQ,프롬바이오,KOSDAQ,naver_kosdaq,
210120.KQ,캔버스엔,KOSDAQ,naver_kosdaq,
236810.KQ,엔비티,KOSDAQ,naver_kosdaq,
080470.KQ,성창오토텍,KOSDAQ,naver_kosdaq,
044780.KQ,에이치케이,KOSDAQ,naver_kosdaq,
043360.KQ,디지아이,KOSDAQ,naver_kosdaq,
067010.KQ,이씨에스,KOSDAQ,naver_kosdaq,
070590.KQ,인티큐브,KOSDAQ,naver_kosdaq,
101000.KQ,KS인더스트리,KOSDAQ,naver_kosdaq,
258790.KQ,소프트캠프,KOSDAQ,naver_kosdaq,
900340.KQ,윙입푸드,KOSDAQ,naver_kosdaq,
331520.KQ,밸로프,KOSDAQ,naver_kosdaq,
301300.KQ,바이브컴퍼니,KOSDAQ,naver_kosdaq,
352940.KQ,인바이오,KOSDAQ,naver_kosdaq,
067730.KQ,로지시스,KOSDAQ,naver_kosdaq,
017250.KQ,인터엠,KOSDAQ,naver_kosdaq,
372800.KQ,아이티아이즈,KOSDAQ,naver_kosdaq,
188260.KQ,세니젠,KOSDAQ,naver_kosdaq,
146060.KQ,율촌,KOSDAQ,naver_kosdaq,
080720.KQ,한국유니온제약,KOSDAQ,naver_kosdaq,
306040.KQ,에스제이그룹,KOSDAQ,naver_kosdaq,
222980.KQ,한국맥널티,KOSDAQ,naver_kosdaq,
418620.KQ,E8,KOSDAQ,naver_kosdaq,
032280.KQ,삼일,KOSDAQ,naver_kosdaq,
038530.KQ,케이바이오랩스,KOSDAQ,naver_kosdaq,
148780.KQ,비큐AI,KOSDAQ,naver_kosdaq,
054940.KQ,엑사이엔씨,KOSDAQ,naver_kosdaq,
226340.KQ,본느,KOSDAQ,naver_kosdaq,
078860.KQ,아이오케이이엔엠,KOSDAQ,naver_kosdaq,
239340.KQ,이스트에이드,KOSDAQ,naver_kosdaq,
096690.KQ,에이루트,KOSDAQ,naver_kosdaq,
037400.KQ,우리엔터프라이즈,KOSDAQ,naver_kosdaq,
098660.KQ,에스티오,KOSDAQ,naver_kosdaq,
131760.KQ,파인텍,KOSDAQ,naver_kosdaq,
103230.KQ,에스앤더블류,KOSDAQ,naver_kosdaq,
027580.KQ,상보,KOSDAQ,naver_kosdaq,
900100.KQ,파이온엑스,KOSDAQ,naver_kosdaq,
362990.KQ,드림인사이트,KOSDAQ,naver_kosdaq,
192390.KQ,윈하이텍,KOSDAQ,naver_kosdaq,
020400.KQ,대동금속,KOSDAQ,naver_kosdaq,
109960.KQ,앱토크롬,KOSDAQ,naver_kosdaq,
415380.KQ,스튜디오삼익,KOSDAQ,naver_kosdaq,
034940.KQ,조아제약,KOSDAQ,naver_kosdaq,
084440.KQ,유비온,KOSDAQ,naver_kosdaq,
109670.KQ,씨싸이트,KOSDAQ,naver_kosdaq,
123840.KQ,뉴온,KOSDAQ,naver_kosdaq,
054220.KQ,비츠로시스,KOSDAQ,naver_kosdaq,
275630.KQ,에스에스알,KOSDAQ,naver_kosdaq,
060900.KQ,에이전트AI,KOSDAQ,naver_kosdaq,
083470.KQ,이엠앤아이,KOSDAQ,naver_kosdaq,
115570.KQ,스타플렉스,KOSDAQ,naver_kosdaq,
083640.KQ,인콘,KOSDAQ,naver_kosdaq,
365900.KQ,브이씨,KOSDAQ,naver_kosdaq,
113810.KQ,디젠스,KOSDAQ,naver_kosdaq,
431190.KQ,케이쓰리아이,KOSDAQ,naver_kosdaq,
154030.KQ,아시아종묘,KOSDAQ,naver_kosdaq,
238200.KQ,비피도,KOSDAQ,naver_kosdaq,
225590.KQ,패션플랫폼,KOSDAQ,naver_kosdaq,
085810.KQ,알티캐스트,KOSDAQ,naver_kosdaq,
227610.KQ,아우딘퓨쳐스,KOSDAQ,naver_kosdaq,
389680.KQ,유디엠텍,KOSDAQ,naver_kosdaq,
322780.KQ,코퍼스코리아,KOSDAQ,naver_kosdaq,
270520.KQ,앱튼,KOSDAQ,naver_kosdaq,
214610.KQ,롤링스톤,KOSDAQ,naver_kosdaq,
039310.KQ,세중,KOSDAQ,naver_kosdaq,
035620.KQ,바른손이앤에이,KOSDAQ,naver_kosdaq,
224060.KQ,더코디,KOSDAQ,naver_kosdaq,
045520.KQ,크린앤사이언스,KOSDAQ,naver_kosdaq,
405000.KQ,플라즈맵,KOSDAQ,naver_kosdaq,
032680.KQ,소프트센,KOSDAQ,naver_kosdaq,
060260.KQ,뉴보텍,KOSDAQ,naver_kosdaq,
193250.KQ,링크드,KOSDAQ,naver_kosdaq,
014100.KQ,메디앙스,KOSDAQ,naver_kosdaq,
076080.KQ,웰크론한텍,KOSDAQ,naver_kosdaq,
031860.KQ,디에이치엑스컴퍼니,KOSDAQ,naver_kosdaq,
285800.KQ,진영,KOSDAQ,naver_kosdaq,
215480.KQ,토박스코리아,KOSDAQ,naver_kosdaq,
042040.KQ,케이피엠테크,KOSDAQ,naver_kosdaq,
050760.KQ,에스폴리텍,KOSDAQ,naver_kosdaq,
032980.KQ,바이온,KOSDAQ,naver_kosdaq,
303030.KQ,지니틱스,KOSDAQ,naver_kosdaq,
101680.KQ,한국정밀기계,KOSDAQ,naver_kosdaq,
368600.KQ,아이씨에이치,KOSDAQ,naver_kosdaq,
088290.KQ,이원컴포텍,KOSDAQ,naver_kosdaq,
289010.KQ,아이스크림에듀,KOSDAQ,naver_kosdaq,
279600.KQ,미디어젠,KOSDAQ,naver_kosdaq,
196700.KQ,웹스,KOSDAQ,naver_kosdaq,
344860.KQ,이노진,KOSDAQ,naver_kosdaq,
417180.KQ,핑거스토리,KOSDAQ,naver_kosdaq,
208640.KQ,썸에이지,KOSDAQ,naver_kosdaq,
241820.KQ,피씨엘,KOSDAQ,naver_kosdaq,
060480.KQ,국일신동,KOSDAQ,naver_kosdaq,
054410.KQ,케이피티유,KOSDAQ,naver_kosdaq,
060230.KQ,제이케이시냅스,KOSDAQ,naver_kosdaq,
065770.KQ,CS,KOSDAQ,naver_kosdaq,
377030.KQ,비트맥스,KOSDAQ,naver_kosdaq,
247660.KQ,나노씨엠에스,KOSDAQ,naver_kosdaq,
110020.KQ,전진바이오팜,KOSDAQ,naver_kosdaq,
900270.KQ,헝셩그룹,KOSDAQ,naver_kosdaq,
106520.KQ,노블엠앤비,KOSDAQ,naver_kosdaq,
065690.KQ,파커스,KOSDAQ,naver_kosdaq,
048830.KQ,엔피케이,KOSDAQ,naver_kosdaq,
079190.KQ,케스피온,KOSDAQ,naver_kosdaq,
087260.KQ,모바일어플라이언스,KOSDAQ,naver_kosdaq,
137940.KQ,넥스트아이,KOSDAQ,naver_kosdaq,
030350.KQ,드래곤플라이,KOSDAQ,naver_kosdaq,
018700.KQ,졸스,KOSDAQ,naver_kosdaq,
009730.KQ,이렘,KOSDAQ,naver_kosdaq,
018620.KQ,우진비앤지,KOSDAQ,naver_kosdaq,
096870.KQ,엘디티,KOSDAQ,naver_kosdaq,
191410.KQ,육일씨엔에쓰,KOSDAQ,naver_kosdaq,
227100.KQ,프로브잇,KOSDAQ,naver_kosdaq,
291810.KQ,핀텔,KOSDAQ,naver_kosdaq,
240600.KQ,유진테크놀로지,KOSDAQ,naver_kosdaq,
900120.KQ,씨엑스아이,KOSDAQ,naver_kosdaq,
069330.KQ,유아이디,KOSDAQ,naver_kosdaq,
199730.KQ,바이오인프라,KOSDAQ,naver_kosdaq,
361670.KQ,삼영에스앤씨,KOSDAQ,naver_kosdaq,
067770.KQ,세진티에스,KOSDAQ,naver_kosdaq,
092600.KQ,앤씨앤,KOSDAQ,naver_kosdaq,
023790.KQ,동일스틸럭스,KOSDAQ,naver_kosdaq,
028080.KQ,휴맥스홀딩스,KOSDAQ,naver_kosdaq,
115530.KQ,씨엔플러스,KOSDAQ,naver_kosdaq,
079950.KQ,인베니아,KOSDAQ,naver_kosdaq,
308100.KQ,형지글로벌,KOSDAQ,naver_kosdaq,
250930.KQ,예선테크,KOSDAQ,naver_kosdaq,
154040.KQ,다산솔루에타,KOSDAQ,naver_kosdaq,
368970.KQ,오에스피,KOSDAQ,naver_kosdaq,
352770.KQ,셀레스트라,KOSDAQ,naver_kosdaq,
043590.KQ,웰킵스하이텍,KOSDAQ,naver_kosdaq,
244460.KQ,올리패스,KOSDAQ,naver_kosdaq,
002680.KQ,한탑,KOSDAQ,naver_kosdaq,
177350.KQ,베셀,KOSDAQ,naver_kosdaq,
065420.KQ,에스아이리소스,KOSDAQ,naver_kosdaq,
054180.KQ,메디콕스,KOSDAQ,naver_kosdaq,
073190.KQ,듀오백,KOSDAQ,naver_kosdaq,
419540.KQ,비스토스,KOSDAQ,naver_kosdaq,
312610.KQ,에이에프더블류,KOSDAQ,naver_kosdaq,
012340.KQ,뉴인텍,KOSDAQ,naver_kosdaq,
025870.KQ,신라에스지,KOSDAQ,naver_kosdaq,
065570.KQ,삼영이엔씨,KOSDAQ,naver_kosdaq,
035290.KQ,골드앤에스,KOSDAQ,naver_kosdaq,
069920.KQ,엑시온그룹,KOSDAQ,naver_kosdaq,
084180.KQ,수성웹툰,KOSDAQ,naver_kosdaq,
225430.KQ,케이엠제약,KOSDAQ,naver_kosdaq,
060240.KQ,스타코링크,KOSDAQ,naver_kosdaq,
050090.KQ,비케이홀딩스,KOSDAQ,naver_kosdaq,
008290.KQ,원풍물산,KOSDAQ,naver_kosdaq,
011080.KQ,형지I&C,KOSDAQ,naver_kosdaq,
043100.KQ,알파AI,KOSDAQ,naver_kosdaq,
009620.KQ,삼보산업,KOSDAQ,naver_kosdaq,
106080.KQ,케이이엠텍,KOSDAQ,naver_kosdaq,
121850.KQ,코이즈,KOSDAQ,naver_kosdaq,
079970.KQ,투비소프트,KOSDAQ,naver_kosdaq,
309930.KQ,조이웍스앤코,KOSDAQ,naver_kosdaq,
276040.KQ,스코넥,KOSDAQ,naver_kosdaq,
101390.KQ,아이엠,KOSDAQ,naver_kosdaq,
044180.KQ,KD,KOSDAQ,naver_kosdaq,
313760.KQ,캐리,KOSDAQ,naver_kosdaq,
043090.KQ,더테크놀로지,KOSDAQ,naver_kosdaq,
052770.KQ,아이톡시,KOSDAQ,naver_kosdaq,
